Date,Description,Withdrawals,Deposits,Balance
2025-01-01,PRE-AUTH DEBIT BRIGHTPATH BOOKKEEPING TEST INC,282.50,,7729.19
2025-01-03,POS PURCHASE AMAZON.CA,44.51,,7684.68
2025-01-06,PRE-AUTH DEBIT NORTHSHORE MUTUAL INSURANCE TEST,118.00,,7566.68
2025-01-06,POS PURCHASE PRESTO,16.69,,7549.99
2025-01-06,POS PURCHASE PRESTO,14.08,,7535.91
2025-01-06,POS PURCHASE UBER *TRIP,30.57,,7505.34
2025-01-07,POS PURCHASE UBER *TRIP,27.65,,7477.69
2025-01-08,PRE-AUTH DEBIT ROGERS,86.95,,7390.74
2025-01-08,POS PURCHASE PRESTO,18.58,,7372.16
2025-01-08,POS PURCHASE UPS STORE #6034 MARKHAM ON,21.87,,7350.29
2025-01-10,POS PURCHASE STAPLES #1644 HAMILTON ON,58.37,,7291.92
2025-01-13,PRE-AUTH DEBIT BELL CANADA INTERNET,79.99,,7211.93
2025-01-13,POS PURCHASE PRESTO,8.26,,7203.67
2025-01-13,POS PURCHASE GREEN P PARKING,23.20,,7180.47
2025-01-13,POS PURCHASE UBER *TRIP,15.74,,7164.73
2025-01-13,POS PURCHASE STAPLES #5556 TORONTO ON,56.78,,7107.95
2025-01-14,POS PURCHASE UPS STORE #1268 OAKVILLE ON,52.55,,7055.40
2025-01-15,PRE-AUTH DEBIT MICROSOFT*365 MSBILL.INFO,16.95,,7038.45
2025-01-16,POS PURCHASE PRESTO,23.26,,7015.19
2025-01-17,PRE-AUTH DEBIT GOOGLE *WORKSPACE,9.36,,7005.83
2025-01-20,PRE-AUTH DEBIT INTUIT *QUICKBOOKS,35.00,,6970.83
2025-01-20,POS PURCHASE PRESTO,37.88,,6932.95
2025-01-20,POS PURCHASE PRESTO,8.73,,6924.22
2025-01-20,POS PURCHASE PRESTO,24.19,,6900.03
2025-01-20,POS PURCHASE PRESTO,11.94,,6888.09
2025-01-20,POS PURCHASE AMAZON.CA,49.01,,6839.08
2025-01-20,PAYMENT TO CARD AURORA CARD TEST 7712,1835.43,,5003.65
2025-01-22,POS PURCHASE PRESTO,19.94,,4983.71
2025-01-22,POS PURCHASE IMPARK,23.74,,4959.97
2025-01-23,POS PURCHASE GREEN P PARKING,24.49,,4935.48
2025-01-24,EFT DEPOSIT NORTHWIND LOGISTICS TEST INC,,15820.00,20755.48
2025-01-27,POS PURCHASE PRESTO,14.94,,20740.54
2025-01-27,POS PURCHASE STAPLES #3002 MARKHAM ON,83.97,,20656.57
2025-01-28,MONTHLY ACCOUNT FEE,16.95,,20639.62
2025-01-29,POS PURCHASE PRESTO,26.42,,20613.20
2025-01-29,POS PURCHASE IMPARK,19.44,,20593.76
2025-01-29,POS PURCHASE UBER *TRIP,28.47,,20565.29
2025-01-30,POS PURCHASE GREEN P PARKING,10.11,,20555.18
2025-01-31,POS PURCHASE PRESTO,17.98,,20537.20
2025-01-31,POS PURCHASE PRESTO,39.14,,20498.06
2025-01-31,CRA GST/HST PAYMENT,5113.28,,15384.78
2025-02-03,PRE-AUTH DEBIT BRIGHTPATH BOOKKEEPING TEST INC,282.50,,15102.28
2025-02-03,POS PURCHASE PRESTO,26.23,,15076.05
2025-02-03,POS PURCHASE IMPARK,24.41,,15051.64
2025-02-03,POS PURCHASE UBER *TRIP,50.71,,15000.93
2025-02-03,POS PURCHASE UPS STORE #8310 SCARBOROUGH ON,37.92,,14963.01
2025-02-04,POS PURCHASE PRESTO,11.72,,14951.29
2025-02-05,PRE-AUTH DEBIT NORTHSHORE MUTUAL INSURANCE TEST,118.00,,14833.29
2025-02-05,POS PURCHASE PRESTO,25.18,,14808.11
2025-02-06,POS PURCHASE AMAZON.CA,63.48,,14744.63
2025-02-07,POS PURCHASE PRESTO,24.36,,14720.27
2025-02-07,POS PURCHASE AMAZON.CA,35.76,,14684.51
2025-02-10,PRE-AUTH DEBIT ROGERS,86.07,,14598.44
2025-02-10,POS PURCHASE GREEN P PARKING,13.95,,14584.49
2025-02-10,POS PURCHASE UBER *TRIP,30.10,,14554.39
2025-02-10,POS PURCHASE DOLLARAMA #5804 VAUGHAN ON,53.26,,14501.13
2025-02-10,POS PURCHASE DOLLARAMA #4115 ETOBICOKE ON,70.09,,14431.04
2025-02-12,E-TRANSFER SENT PRIYA NAIR TEST,4000.00,,10431.04
2025-02-12,PRE-AUTH DEBIT BELL CANADA INTERNET,79.99,,10351.05
2025-02-12,POS PURCHASE GREEN P PARKING,17.70,,10333.35
2025-02-13,POS PURCHASE UBER *TRIP,51.61,,10281.74
2025-02-14,POS PURCHASE UBER *TRIP,27.42,,10254.32
2025-02-17,PRE-AUTH DEBIT MICROSOFT*365 MSBILL.INFO,16.95,,10237.37
2025-02-17,PRE-AUTH DEBIT GOOGLE *WORKSPACE,9.36,,10228.01
2025-02-17,POS PURCHASE PRESTO,25.61,,10202.40
2025-02-17,POS PURCHASE IMPARK,20.12,,10182.28
2025-02-17,POS PURCHASE UBER *TRIP,41.76,,10140.52
2025-02-17,POS PURCHASE DOLLARAMA #2985 OAKVILLE ON,33.96,,10106.56
2025-02-18,POS PURCHASE GREEN P PARKING,10.82,,10095.74
2025-02-19,POS PURCHASE PRESTO,10.86,,10084.88
2025-02-19,POS PURCHASE PRESTO,33.37,,10051.51
2025-02-20,PRE-AUTH DEBIT INTUIT *QUICKBOOKS,35.00,,10016.51
2025-02-20,POS PURCHASE PRESTO,12.28,,10004.23
2025-02-20,PAYMENT TO CARD AURORA CARD TEST 7712,910.67,,9093.56
2025-02-24,POS PURCHASE PRESTO,5.15,,9088.41
2025-02-24,POS PURCHASE PRESTO,28.72,,9059.69
2025-02-24,POS PURCHASE UBER *TRIP,16.16,,9043.53
2025-02-24,POS PURCHASE UBER *TRIP,48.18,,8995.35
2025-02-24,POS PURCHASE STAPLES #879 TORONTO ON,53.38,,8941.97
2025-02-25,POS PURCHASE IMPARK,24.65,,8917.32
2025-02-25,POS PURCHASE STAPLES #771 SCARBOROUGH ON,69.65,,8847.67
2025-02-26,POS PURCHASE PRESTO,35.77,,8811.90
2025-02-27,POS PURCHASE PRESTO,11.70,,8800.20
2025-02-27,POS PURCHASE STAPLES #6063 MILTON ON,64.48,,8735.72
2025-02-27,POS PURCHASE CANADA POST,48.75,,8686.97
2025-02-28,EFT DEPOSIT NORTHWIND LOGISTICS TEST INC,,15820.00,24506.97
2025-02-28,MONTHLY ACCOUNT FEE,16.95,,24490.02
2025-03-03,PRE-AUTH DEBIT BRIGHTPATH BOOKKEEPING TEST INC,282.50,,24207.52
2025-03-03,POS PURCHASE PRESTO,14.02,,24193.50
2025-03-03,POS PURCHASE PRESTO,22.54,,24170.96
2025-03-03,POS PURCHASE GREEN P PARKING,14.21,,24156.75
2025-03-03,POS PURCHASE UBER *TRIP,49.30,,24107.45
2025-03-03,POS PURCHASE STAPLES #1267 AJAX ON,48.45,,24059.00
2025-03-04,POS PURCHASE PRESTO,17.82,,24041.18
2025-03-04,POS PURCHASE UBER *TRIP,27.50,,24013.68
2025-03-05,PRE-AUTH DEBIT NORTHSHORE MUTUAL INSURANCE TEST,118.00,,23895.68
2025-03-05,POS PURCHASE PRESTO,26.90,,23868.78
2025-03-06,POS PURCHASE GREEN P PARKING,25.40,,23843.38
2025-03-06,POS PURCHASE DOLLARAMA #8592 BRAMPTON ON,14.30,,23829.08
2025-03-06,POS PURCHASE UPS STORE #1276 BURLINGTON ON,56.20,,23772.88
2025-03-10,PRE-AUTH DEBIT ROGERS,89.67,,23683.21
2025-03-11,POS PURCHASE PRESTO,19.76,,23663.45
2025-03-11,POS PURCHASE PRESTO,34.02,,23629.43
2025-03-12,PRE-AUTH DEBIT BELL CANADA INTERNET,79.99,,23549.44
2025-03-12,POS PURCHASE UBER *TRIP,47.97,,23501.47
2025-03-13,POS PURCHASE PRESTO,40.23,,23461.24
2025-03-13,POS PURCHASE GREEN P PARKING,7.32,,23453.92
2025-03-17,PRE-AUTH DEBIT MICROSOFT*365 MSBILL.INFO,16.95,,23436.97
2025-03-17,PRE-AUTH DEBIT GOOGLE *WORKSPACE,9.36,,23427.61
2025-03-17,POS PURCHASE PRESTO,20.38,,23407.23
2025-03-17,POS PURCHASE GREEN P PARKING,11.46,,23395.77
2025-03-18,POS PURCHASE IMPARK,20.15,,23375.62
2025-03-18,POS PURCHASE AMAZON.CA,40.06,,23335.56
2025-03-19,E-TRANSFER RECEIVED KESTREL PRINT WORKS TEST INC,,7006.00,30341.56
2025-03-20,PRE-AUTH DEBIT INTUIT *QUICKBOOKS,35.00,,30306.56
2025-03-20,POS PURCHASE CANADA POST,29.29,,30277.27
2025-03-20,PAYMENT TO CARD AURORA CARD TEST 7712,803.83,,29473.44
2025-03-21,POS PURCHASE UBER *TRIP,17.39,,29456.05
2025-03-24,POS PURCHASE PRESTO,14.63,,29441.42
2025-03-24,POS PURCHASE GREEN P PARKING,17.51,,29423.91
2025-03-24,POS PURCHASE UBER *TRIP,11.28,,29412.63
2025-03-25,POS PURCHASE PRESTO,43.51,,29369.12
2025-03-26,EFT DEPOSIT NORTHWIND LOGISTICS TEST INC,,15820.00,45189.12
2025-03-26,POS PURCHASE PRESTO,10.09,,45179.03
2025-03-26,POS PURCHASE DOLLARAMA #7865 OAKVILLE ON,6.86,,45172.17
2025-03-28,MONTHLY ACCOUNT FEE,16.95,,45155.22
2025-03-31,POS PURCHASE PRESTO,5.04,,45150.18
2025-03-31,POS PURCHASE PRESTO,11.91,,45138.27
2025-03-31,POS PURCHASE GREEN P PARKING,7.37,,45130.90
2025-03-31,POS PURCHASE GREEN P PARKING,8.12,,45122.78
2025-03-31,POS PURCHASE UBER *TRIP,50.83,,45071.95
2025-03-31,POS PURCHASE AMAZON.CA,84.27,,44987.68
2025-03-31,POS PURCHASE CANADA POST,32.50,,44955.18
2025-04-01,PRE-AUTH DEBIT BRIGHTPATH BOOKKEEPING TEST INC,282.50,,44672.68
2025-04-02,POS PURCHASE IMPARK,21.53,,44651.15
2025-04-02,POS PURCHASE DOLLARAMA #280 MILTON ON,61.94,,44589.21
2025-04-02,POS PURCHASE AMAZON.CA,26.41,,44562.80
2025-04-03,E-TRANSFER SENT PRIYA NAIR TEST,6500.00,,38062.80
2025-04-04,POS PURCHASE UBER *TRIP,36.71,,38026.09
2025-04-07,PRE-AUTH DEBIT NORTHSHORE MUTUAL INSURANCE TEST,118.00,,37908.09
2025-04-07,POS PURCHASE PRESTO,20.79,,37887.30
2025-04-07,POS PURCHASE IMPARK,25.55,,37861.75
2025-04-08,PRE-AUTH DEBIT ROGERS,92.24,,37769.51
2025-04-08,POS PURCHASE PRESTO,15.90,,37753.61
2025-04-08,POS PURCHASE PRESTO,34.71,,37718.90
2025-04-09,POS PURCHASE PRESTO,9.80,,37709.10
2025-04-09,POS PURCHASE UPS STORE #6284 NORTH YORK ON,54.69,,37654.41
2025-04-10,POS PURCHASE STAPLES #7074 BRAMPTON ON,8.30,,37646.11
2025-04-10,POS PURCHASE STAPLES #405 BRAMPTON ON,44.55,,37601.56
2025-04-14,PRE-AUTH DEBIT BELL CANADA INTERNET,79.99,,37521.57
2025-04-14,POS PURCHASE PRESTO,42.70,,37478.87
2025-04-14,POS PURCHASE UBER *TRIP,32.11,,37446.76
2025-04-14,POS PURCHASE UBER *TRIP,39.86,,37406.90
2025-04-15,PRE-AUTH DEBIT MICROSOFT*365 MSBILL.INFO,16.95,,37389.95
2025-04-15,POS PURCHASE PRESTO,44.48,,37345.47
2025-04-16,POS PURCHASE DOLLARAMA #5818 TORONTO ON,17.08,,37328.39
2025-04-17,PRE-AUTH DEBIT GOOGLE *WORKSPACE,9.36,,37319.03
2025-04-21,PRE-AUTH DEBIT INTUIT *QUICKBOOKS,35.00,,37284.03
2025-04-21,POS PURCHASE PRESTO,14.32,,37269.71
2025-04-21,POS PURCHASE PRESTO,22.45,,37247.26
2025-04-21,POS PURCHASE PRESTO,10.11,,37237.15
2025-04-21,POS PURCHASE PRESTO,36.33,,37200.82
2025-04-21,POS PURCHASE GREEN P PARKING,11.64,,37189.18
2025-04-21,POS PURCHASE UBER *TRIP,34.26,,37154.92
2025-04-21,POS PURCHASE UBER *TRIP,49.28,,37105.64
2025-04-21,POS PURCHASE AMAZON.CA,49.18,,37056.46
2025-04-21,POS PURCHASE CANADA POST,26.11,,37030.35
2025-04-21,PAYMENT TO CARD AURORA CARD TEST 7712,865.26,,36165.09
2025-04-22,POS PURCHASE PRESTO,39.22,,36125.87
2025-04-22,POS PURCHASE STAPLES #7187 NORTH YORK ON,27.90,,36097.97
2025-04-23,POS PURCHASE IMPARK,17.48,,36080.49
2025-04-25,POS PURCHASE GREEN P PARKING,19.35,,36061.14
2025-04-28,EFT DEPOSIT NORTHWIND LOGISTICS TEST INC,,15820.00,51881.14
2025-04-28,MONTHLY ACCOUNT FEE,16.95,,51864.19
2025-04-28,POS PURCHASE PRESTO,13.23,,51850.96
2025-04-28,POS PURCHASE PRESTO,43.65,,51807.31
2025-04-28,POS PURCHASE STAPLES #892 BRAMPTON ON,42.48,,51764.83
2025-04-28,POS PURCHASE CANADA POST,40.87,,51723.96
2025-04-29,POS PURCHASE UBER *TRIP,46.92,,51677.04
2025-04-30,CRA GST/HST PAYMENT,5621.44,,46055.60
2025-05-01,PRE-AUTH DEBIT BRIGHTPATH BOOKKEEPING TEST INC,282.50,,45773.10
2025-05-01,POS PURCHASE PRESTO,9.55,,45763.55
2025-05-02,POS PURCHASE PRESTO,20.55,,45743.00
2025-05-05,PRE-AUTH DEBIT NORTHSHORE MUTUAL INSURANCE TEST,118.00,,45625.00
2025-05-05,POS PURCHASE AMAZON.CA,9.00,,45616.00
2025-05-08,PRE-AUTH DEBIT ROGERS,86.10,,45529.90
2025-05-09,POS PURCHASE PRESTO,12.83,,45517.07
2025-05-12,PRE-AUTH DEBIT BELL CANADA INTERNET,79.99,,45437.08
2025-05-12,POS PURCHASE PRESTO,8.48,,45428.60
2025-05-12,POS PURCHASE PRESTO,43.47,,45385.13
2025-05-13,POS PURCHASE PRESTO,21.15,,45363.98
2025-05-13,POS PURCHASE PRESTO,7.40,,45356.58
2025-05-13,POS PURCHASE GREEN P PARKING,27.95,,45328.63
2025-05-13,POS PURCHASE DOLLARAMA #2435 MARKHAM ON,53.84,,45274.79
2025-05-13,POS PURCHASE CANADA POST,53.13,,45221.66
2025-05-15,PRE-AUTH DEBIT MICROSOFT*365 MSBILL.INFO,16.95,,45204.71
2025-05-16,POS PURCHASE IMPARK,11.21,,45193.50
2025-05-19,PRE-AUTH DEBIT GOOGLE *WORKSPACE,9.36,,45184.14
2025-05-19,POS PURCHASE PRESTO,25.91,,45158.23
2025-05-19,POS PURCHASE PRESTO,21.10,,45137.13
2025-05-19,POS PURCHASE PRESTO,18.48,,45118.65
2025-05-19,POS PURCHASE GREEN P PARKING,17.60,,45101.05
2025-05-19,POS PURCHASE UBER *TRIP,36.82,,45064.23
2025-05-19,POS PURCHASE UBER *TRIP,27.39,,45036.84
2025-05-19,POS PURCHASE STAPLES #5594 MARKHAM ON,27.59,,45009.25
2025-05-19,POS PURCHASE UPS STORE #2583 AJAX ON,38.57,,44970.68
2025-05-20,PRE-AUTH DEBIT INTUIT *QUICKBOOKS,35.00,,44935.68
2025-05-20,POS PURCHASE PRESTO,32.55,,44903.13
2025-05-20,PAYMENT TO CARD AURORA CARD TEST 7712,823.93,,44079.20
2025-05-21,POS PURCHASE PRESTO,19.13,,44060.07
2025-05-22,POS PURCHASE UBER *TRIP,13.31,,44046.76
2025-05-22,POS PURCHASE CANADA POST,18.80,,44027.96
2025-05-26,POS PURCHASE PRESTO,41.83,,43986.13
2025-05-26,POS PURCHASE GREEN P PARKING,18.03,,43968.10
2025-05-26,POS PURCHASE IMPARK,14.31,,43953.79
2025-05-26,POS PURCHASE UBER *TRIP,18.70,,43935.09
2025-05-26,POS PURCHASE DOLLARAMA #9850 BURLINGTON ON,58.94,,43876.15
2025-05-26,POS PURCHASE STAPLES #9403 MISSISSAUGA ON,81.71,,43794.44
2025-05-26,POS PURCHASE STAPLES #3842 MISSISSAUGA ON,17.36,,43777.08
2025-05-27,POS PURCHASE PRESTO,14.60,,43762.48
2025-05-28,EFT DEPOSIT NORTHWIND LOGISTICS TEST INC,,15820.00,59582.48
2025-05-28,MONTHLY ACCOUNT FEE,16.95,,59565.53
2025-05-30,POS PURCHASE PRESTO,12.39,,59553.14
2025-06-02,PRE-AUTH DEBIT BRIGHTPATH BOOKKEEPING TEST INC,282.50,,59270.64
2025-06-02,POS PURCHASE PRESTO,29.71,,59240.93
2025-06-02,POS PURCHASE PRESTO,28.72,,59212.21
2025-06-02,POS PURCHASE IMPARK,12.93,,59199.28
2025-06-02,POS PURCHASE STAPLES #2241 SCARBOROUGH ON,12.27,,59187.01
2025-06-02,POS PURCHASE CANADA POST,24.52,,59162.49
2025-06-03,POS PURCHASE PRESTO,36.05,,59126.44
2025-06-03,POS PURCHASE PRESTO,13.93,,59112.51
2025-06-03,POS PURCHASE GREEN P PARKING,25.86,,59086.65
2025-06-04,POS PURCHASE PRESTO,43.00,,59043.65
2025-06-05,PRE-AUTH DEBIT NORTHSHORE MUTUAL INSURANCE TEST,118.00,,58925.65
2025-06-05,POS PURCHASE IMPARK,8.65,,58917.00
2025-06-09,PRE-AUTH DEBIT ROGERS,91.66,,58825.34
2025-06-09,POS PURCHASE PRESTO,22.49,,58802.85
2025-06-09,POS PURCHASE IMPARK,25.60,,58777.25
2025-06-09,POS PURCHASE UBER *TRIP,36.66,,58740.59
2025-06-09,POS PURCHASE AMAZON.CA,58.45,,58682.14
2025-06-10,POS PURCHASE UBER *TRIP,29.92,,58652.22
2025-06-12,PRE-AUTH DEBIT BELL CANADA INTERNET,79.99,,58572.23
2025-06-13,POS PURCHASE PRESTO,31.54,,58540.69
2025-06-13,POS PURCHASE STAPLES #9755 MISSISSAUGA ON,24.65,,58516.04
2025-06-16,PRE-AUTH DEBIT MICROSOFT*365 MSBILL.INFO,16.95,,58499.09
2025-06-16,POS PURCHASE PRESTO,44.70,,58454.39
2025-06-16,POS PURCHASE GREEN P PARKING,18.20,,58436.19
2025-06-16,POS PURCHASE UBER *TRIP,22.79,,58413.40
2025-06-17,PRE-AUTH DEBIT GOOGLE *WORKSPACE,9.36,,58404.04
2025-06-17,POS PURCHASE CANADA POST,23.90,,58380.14
2025-06-18,POS PURCHASE PRESTO,9.97,,58370.17
2025-06-18,POS PURCHASE PRESTO,23.28,,58346.89
2025-06-20,E-TRANSFER SENT PRIYA NAIR TEST,5000.00,,53346.89
2025-06-20,PRE-AUTH DEBIT INTUIT *QUICKBOOKS,35.00,,53311.89
2025-06-20,PAYMENT TO CARD AURORA CARD TEST 7712,911.82,,52400.07
2025-06-23,POS PURCHASE IMPARK,12.78,,52387.29
2025-06-23,POS PURCHASE STAPLES #7067 PICKERING ON,36.54,,52350.75
2025-06-24,POS PURCHASE PRESTO,23.23,,52327.52
2025-06-26,POS PURCHASE PRESTO,13.80,,52313.72
2025-06-27,EFT DEPOSIT NORTHWIND LOGISTICS TEST INC,,15820.00,68133.72
2025-06-27,POS PURCHASE PRESTO,36.27,,68097.45
2025-06-27,POS PURCHASE UBER *TRIP,12.10,,68085.35
2025-06-30,MONTHLY ACCOUNT FEE,16.95,,68068.40
2025-06-30,POS PURCHASE PRESTO,17.45,,68050.95
2025-06-30,POS PURCHASE GREEN P PARKING,20.22,,68030.73
2025-06-30,POS PURCHASE UBER *TRIP,41.94,,67988.79
2025-06-30,POS PURCHASE STAPLES #3993 AJAX ON,53.06,,67935.73
2025-06-30,POS PURCHASE STAPLES #4289 SCARBOROUGH ON,24.08,,67911.65
2025-06-30,POS PURCHASE UPS STORE #3798 TORONTO ON,44.18,,67867.47
2025-07-01,PRE-AUTH DEBIT BRIGHTPATH BOOKKEEPING TEST INC,282.50,,67584.97
2025-07-01,POS PURCHASE UBER *TRIP,32.81,,67552.16
2025-07-02,POS PURCHASE PRESTO,30.03,,67522.13
2025-07-02,POS PURCHASE IMPARK,23.96,,67498.17
2025-07-07,PRE-AUTH DEBIT NORTHSHORE MUTUAL INSURANCE TEST,118.00,,67380.17
2025-07-07,POS PURCHASE PRESTO,27.03,,67353.14
2025-07-07,POS PURCHASE PRESTO,5.95,,67347.19
2025-07-07,POS PURCHASE GREEN P PARKING,25.94,,67321.25
2025-07-07,POS PURCHASE IMPARK,24.62,,67296.63
2025-07-07,POS PURCHASE UBER *TRIP,26.81,,67269.82
2025-07-07,POS PURCHASE DOLLARAMA #623 AJAX ON,15.36,,67254.46
2025-07-07,POS PURCHASE STAPLES #5998 NORTH YORK ON,78.48,,67175.98
2025-07-07,POS PURCHASE CANADA POST,55.19,,67120.79
2025-07-08,PRE-AUTH DEBIT ROGERS,88.71,,67032.08
2025-07-08,POS PURCHASE IMPARK,21.47,,67010.61
2025-07-09,POS PURCHASE UBER *TRIP,18.21,,66992.40
2025-07-09,POS PURCHASE STAPLES #3152 HAMILTON ON,41.79,,66950.61
2025-07-10,POS PURCHASE UBER *TRIP,46.97,,66903.64
2025-07-11,POS PURCHASE PRESTO,7.81,,66895.83
2025-07-11,POS PURCHASE PRESTO,14.08,,66881.75
2025-07-14,PRE-AUTH DEBIT BELL CANADA INTERNET,79.99,,66801.76
2025-07-14,POS PURCHASE UBER *TRIP,46.26,,66755.50
2025-07-14,POS PURCHASE AMAZON.CA,72.02,,66683.48
2025-07-15,PRE-AUTH DEBIT MICROSOFT*365 MSBILL.INFO,16.95,,66666.53
2025-07-16,E-TRANSFER RECEIVED ONTARIO TRAIL OUTFITTERS TEST LTD,,6667.00,73333.53
2025-07-17,PRE-AUTH DEBIT GOOGLE *WORKSPACE,9.36,,73324.17
2025-07-17,POS PURCHASE PRESTO,18.82,,73305.35
2025-07-21,PRE-AUTH DEBIT INTUIT *QUICKBOOKS,35.00,,73270.35
2025-07-21,POS PURCHASE PRESTO,7.59,,73262.76
2025-07-21,POS PURCHASE UBER *TRIP,40.68,,73222.08
2025-07-21,POS PURCHASE DOLLARAMA #4910 VAUGHAN ON,79.95,,73142.13
2025-07-21,PAYMENT TO CARD AURORA CARD TEST 7712,906.62,,72235.51
2025-07-22,POS PURCHASE PRESTO,43.16,,72192.35
2025-07-22,POS PURCHASE IMPARK,27.57,,72164.78
2025-07-23,POS PURCHASE IMPARK,10.47,,72154.31
2025-07-24,POS PURCHASE PRESTO,15.60,,72138.71
2025-07-24,POS PURCHASE CANADA POST,24.16,,72114.55
2025-07-24,POS PURCHASE CANADA POST,49.23,,72065.32
2025-07-25,POS PURCHASE PRESTO,15.09,,72050.23
2025-07-25,POS PURCHASE PRESTO,7.72,,72042.51
2025-07-28,EFT DEPOSIT NORTHWIND LOGISTICS TEST INC,,15820.00,87862.51
2025-07-28,MONTHLY ACCOUNT FEE,16.95,,87845.56
2025-07-28,POS PURCHASE PRESTO,29.02,,87816.54
2025-07-28,POS PURCHASE PRESTO,20.36,,87796.18
2025-07-28,POS PURCHASE IMPARK,14.45,,87781.73
2025-07-28,POS PURCHASE UBER *TRIP,51.16,,87730.57
2025-07-28,POS PURCHASE STAPLES #3465 BURLINGTON ON,19.23,,87711.34
2025-07-29,POS PURCHASE PRESTO,21.60,,87689.74
2025-07-30,POS PURCHASE PRESTO,25.33,,87664.41
2025-07-30,POS PURCHASE GREEN P PARKING,18.64,,87645.77
2025-07-30,POS PURCHASE DOLLARAMA #2904 MILTON ON,77.52,,87568.25
2025-07-31,POS PURCHASE PRESTO,9.26,,87558.99
2025-07-31,CRA GST/HST PAYMENT,4841.03,,82717.96
2025-08-01,PRE-AUTH DEBIT BRIGHTPATH BOOKKEEPING TEST INC,282.50,,82435.46
2025-08-01,POS PURCHASE DOLLARAMA #9435 BRAMPTON ON,20.43,,82415.03
2025-08-04,POS PURCHASE PRESTO,6.45,,82408.58
2025-08-04,POS PURCHASE IMPARK,16.02,,82392.56
2025-08-04,POS PURCHASE GREEN P PARKING,6.34,,82386.22
2025-08-04,POS PURCHASE DOLLARAMA #2612 SCARBOROUGH ON,19.88,,82366.34
2025-08-04,POS PURCHASE DOLLARAMA #6636 BURLINGTON ON,46.97,,82319.37
2025-08-04,POS PURCHASE DOLLARAMA #7161 PICKERING ON,14.65,,82304.72
2025-08-05,PRE-AUTH DEBIT NORTHSHORE MUTUAL INSURANCE TEST,118.00,,82186.72
2025-08-05,POS PURCHASE PRESTO,10.25,,82176.47
2025-08-07,POS PURCHASE PRESTO,27.29,,82149.18
2025-08-07,POS PURCHASE PRESTO,36.44,,82112.74
2025-08-07,POS PURCHASE AMAZON.CA,75.92,,82036.82
2025-08-08,PRE-AUTH DEBIT ROGERS,86.20,,81950.62
2025-08-08,POS PURCHASE UBER *TRIP,41.94,,81908.68
2025-08-11,POS PURCHASE PRESTO,29.62,,81879.06
2025-08-11,POS PURCHASE PRESTO,21.15,,81857.91
2025-08-12,PRE-AUTH DEBIT BELL CANADA INTERNET,79.99,,81777.92
2025-08-12,POS PURCHASE UPS STORE #9702 BRAMPTON ON,14.98,,81762.94
2025-08-14,POS PURCHASE IMPARK,15.84,,81747.10
2025-08-15,E-TRANSFER SENT PRIYA NAIR TEST,7500.00,,74247.10
2025-08-15,PRE-AUTH DEBIT MICROSOFT*365 MSBILL.INFO,16.95,,74230.15
2025-08-15,POS PURCHASE UBER *TRIP,13.29,,74216.86
2025-08-18,PRE-AUTH DEBIT GOOGLE *WORKSPACE,9.36,,74207.50
2025-08-18,POS PURCHASE PRESTO,26.32,,74181.18
2025-08-18,POS PURCHASE PRESTO,32.27,,74148.91
2025-08-18,POS PURCHASE IMPARK,12.87,,74136.04
2025-08-18,POS PURCHASE UBER *TRIP,44.98,,74091.06
2025-08-20,PRE-AUTH DEBIT INTUIT *QUICKBOOKS,35.00,,74056.06
2025-08-20,PAYMENT TO CARD AURORA CARD TEST 7712,1192.37,,72863.69
2025-08-21,POS PURCHASE DOLLARAMA #3067 NORTH YORK ON,13.55,,72850.14
2025-08-21,POS PURCHASE UPS STORE #3752 AJAX ON,17.10,,72833.04
2025-08-22,POS PURCHASE IMPARK,7.57,,72825.47
2025-08-25,POS PURCHASE PRESTO,25.79,,72799.68
2025-08-25,POS PURCHASE PRESTO,39.86,,72759.82
2025-08-25,POS PURCHASE PRESTO,9.45,,72750.37
2025-08-25,POS PURCHASE GREEN P PARKING,16.93,,72733.44
2025-08-25,POS PURCHASE GREEN P PARKING,12.28,,72721.16
2025-08-25,POS PURCHASE UBER *TRIP,27.52,,72693.64
2025-08-25,POS PURCHASE UBER *TRIP,42.08,,72651.56
2025-08-27,POS PURCHASE PRESTO,9.85,,72641.71
2025-08-27,POS PURCHASE UBER *TRIP,22.73,,72618.98
2025-08-27,POS PURCHASE UPS STORE #739 TORONTO ON,52.77,,72566.21
2025-08-28,EFT DEPOSIT NORTHWIND LOGISTICS TEST INC,,15820.00,88386.21
2025-08-28,MONTHLY ACCOUNT FEE,16.95,,88369.26
2025-08-28,POS PURCHASE IMPARK,25.20,,88344.06
2025-08-29,POS PURCHASE PRESTO,22.24,,88321.82
2025-08-29,POS PURCHASE PRESTO,43.44,,88278.38
2025-08-29,POS PURCHASE PRESTO,21.18,,88257.20
2025-08-29,POS PURCHASE DOLLARAMA #1111 MILTON ON,14.66,,88242.54
2025-09-01,PRE-AUTH DEBIT BRIGHTPATH BOOKKEEPING TEST INC,282.50,,87960.04
2025-09-04,POS PURCHASE GREEN P PARKING,13.37,,87946.67
2025-09-05,PRE-AUTH DEBIT NORTHSHORE MUTUAL INSURANCE TEST,118.00,,87828.67
2025-09-05,POS PURCHASE PRESTO,11.49,,87817.18
2025-09-05,POS PURCHASE AMAZON.CA,41.63,,87775.55
2025-09-08,PRE-AUTH DEBIT ROGERS,87.77,,87687.78
2025-09-09,POS PURCHASE PRESTO,19.52,,87668.26
2025-09-09,POS PURCHASE PRESTO,18.11,,87650.15
2025-09-10,POS PURCHASE DOLLARAMA #5481 ETOBICOKE ON,43.01,,87607.14
2025-09-11,POS PURCHASE IMPARK,16.24,,87590.90
2025-09-11,POS PURCHASE GREEN P PARKING,19.78,,87571.12
2025-09-12,PRE-AUTH DEBIT BELL CANADA INTERNET,79.99,,87491.13
2025-09-15,PRE-AUTH DEBIT MICROSOFT*365 MSBILL.INFO,16.95,,87474.18
2025-09-15,POS PURCHASE UPS STORE #3213 PICKERING ON,27.76,,87446.42
2025-09-15,POS PURCHASE CANADA POST,22.80,,87423.62
2025-09-16,POS PURCHASE PRESTO,22.11,,87401.51
2025-09-16,POS PURCHASE AMAZON.CA,30.70,,87370.81
2025-09-17,PRE-AUTH DEBIT GOOGLE *WORKSPACE,9.36,,87361.45
2025-09-17,POS PURCHASE UBER *TRIP,36.09,,87325.36
2025-09-17,POS PURCHASE UBER *TRIP,22.54,,87302.82
2025-09-17,POS PURCHASE UBER *TRIP,12.62,,87290.20
2025-09-17,POS PURCHASE UBER *TRIP,28.01,,87262.19
2025-09-18,POS PURCHASE PRESTO,41.88,,87220.31
2025-09-22,PRE-AUTH DEBIT INTUIT *QUICKBOOKS,35.00,,87185.31
2025-09-22,POS PURCHASE PRESTO,9.17,,87176.14
2025-09-22,POS PURCHASE PRESTO,13.59,,87162.55
2025-09-22,POS PURCHASE AMAZON.CA,22.15,,87140.40
2025-09-22,PAYMENT TO CARD AURORA CARD TEST 7712,878.12,,86262.28
2025-09-23,POS PURCHASE PRESTO,5.63,,86256.65
2025-09-23,POS PURCHASE AMAZON.CA,45.32,,86211.33
2025-09-24,POS PURCHASE PRESTO,35.73,,86175.60
2025-09-24,POS PURCHASE PRESTO,42.91,,86132.69
2025-09-24,POS PURCHASE GREEN P PARKING,13.06,,86119.63
2025-09-25,POS PURCHASE UBER *TRIP,36.89,,86082.74
2025-09-25,POS PURCHASE UBER *TRIP,49.29,,86033.45
2025-09-26,POS PURCHASE PRESTO,44.91,,85988.54
2025-09-26,POS PURCHASE AMAZON.CA,72.08,,85916.46
2025-09-29,EFT DEPOSIT NORTHWIND LOGISTICS TEST INC,,15820.00,101736.46
2025-09-29,MONTHLY ACCOUNT FEE,16.95,,101719.51
2025-09-29,POS PURCHASE PRESTO,25.77,,101693.74
2025-09-29,POS PURCHASE PRESTO,18.27,,101675.47
2025-09-29,POS PURCHASE UBER *TRIP,11.97,,101663.50
2025-09-29,POS PURCHASE UPS STORE #1342 MARKHAM ON,57.01,,101606.49
2025-09-30,POS PURCHASE PRESTO,5.44,,101601.05
2025-09-30,POS PURCHASE PRESTO,33.55,,101567.50
2025-09-30,POS PURCHASE IMPARK,22.33,,101545.17
2025-10-01,PRE-AUTH DEBIT BRIGHTPATH BOOKKEEPING TEST INC,282.50,,101262.67
2025-10-01,POS PURCHASE UBER *TRIP,37.74,,101224.93
2025-10-01,POS PURCHASE AMAZON.CA,13.07,,101211.86
2025-10-03,POS PURCHASE UBER *TRIP,19.83,,101192.03
2025-10-06,PRE-AUTH DEBIT NORTHSHORE MUTUAL INSURANCE TEST,118.00,,101074.03
2025-10-06,POS PURCHASE IMPARK,25.46,,101048.57
2025-10-06,POS PURCHASE UBER *TRIP,49.17,,100999.40
2025-10-06,POS PURCHASE STAPLES #8337 TORONTO ON,13.70,,100985.70
2025-10-08,PRE-AUTH DEBIT ROGERS,93.34,,100892.36
2025-10-08,POS PURCHASE PRESTO,19.90,,100872.46
2025-10-09,POS PURCHASE DOLLARAMA #3629 MARKHAM ON,69.42,,100803.04
2025-10-10,E-TRANSFER SENT PRIYA NAIR TEST,4000.00,,96803.04
2025-10-10,POS PURCHASE PRESTO,37.32,,96765.72
2025-10-13,PRE-AUTH DEBIT BELL CANADA INTERNET,79.99,,96685.73
2025-10-13,POS PURCHASE PRESTO,40.52,,96645.21
2025-10-15,PRE-AUTH DEBIT MICROSOFT*365 MSBILL.INFO,16.95,,96628.26
2025-10-16,POS PURCHASE IMPARK,22.16,,96606.10
2025-10-17,PRE-AUTH DEBIT GOOGLE *WORKSPACE,9.36,,96596.74
2025-10-20,PRE-AUTH DEBIT INTUIT *QUICKBOOKS,35.00,,96561.74
2025-10-20,POS PURCHASE PRESTO,35.18,,96526.56
2025-10-20,POS PURCHASE PRESTO,11.61,,96514.95
2025-10-20,POS PURCHASE PRESTO,10.54,,96504.41
2025-10-20,POS PURCHASE IMPARK,8.74,,96495.67
2025-10-20,POS PURCHASE CANADA POST,52.36,,96443.31
2025-10-20,PAYMENT TO CARD AURORA CARD TEST 7712,868.89,,95574.42
2025-10-21,POS PURCHASE PRESTO,10.07,,95564.35
2025-10-22,E-TRANSFER RECEIVED FERNBANK CLINICS TEST INC,,7458.00,103022.35
2025-10-22,POS PURCHASE PRESTO,37.89,,102984.46
2025-10-22,POS PURCHASE PRESTO,24.85,,102959.61
2025-10-22,POS PURCHASE PRESTO,36.99,,102922.62
2025-10-22,POS PURCHASE UBER *TRIP,36.79,,102885.83
2025-10-23,POS PURCHASE PRESTO,43.85,,102841.98
2025-10-24,POS PURCHASE IMPARK,16.54,,102825.44
2025-10-27,EFT DEPOSIT NORTHWIND LOGISTICS TEST INC,,15820.00,118645.44
2025-10-27,POS PURCHASE PRESTO,19.38,,118626.06
2025-10-27,POS PURCHASE PRESTO,29.20,,118596.86
2025-10-27,POS PURCHASE IMPARK,18.46,,118578.40
2025-10-27,POS PURCHASE UBER *TRIP,47.77,,118530.63
2025-10-27,POS PURCHASE DOLLARAMA #9506 BURLINGTON ON,37.43,,118493.20
2025-10-27,POS PURCHASE DOLLARAMA #7667 PICKERING ON,24.62,,118468.58
2025-10-28,MONTHLY ACCOUNT FEE,16.95,,118451.63
2025-10-28,POS PURCHASE UPS STORE #9473 BRAMPTON ON,42.43,,118409.20
2025-10-29,POS PURCHASE PRESTO,25.10,,118384.10
2025-10-29,POS PURCHASE PRESTO,32.32,,118351.78
2025-10-29,POS PURCHASE UBER *TRIP,11.69,,118340.09
2025-10-30,POS PURCHASE UBER *TRIP,28.38,,118311.71
2025-10-30,POS PURCHASE DOLLARAMA #9387 MARKHAM ON,77.41,,118234.30
2025-10-31,POS PURCHASE PRESTO,36.05,,118198.25
2025-10-31,POS PURCHASE STAPLES #3232 OAKVILLE ON,64.97,,118133.28
2025-10-31,CRA GST/HST PAYMENT,5542.01,,112591.27
2025-11-03,PRE-AUTH DEBIT BRIGHTPATH BOOKKEEPING TEST INC,282.50,,112308.77
2025-11-03,POS PURCHASE PRESTO,44.66,,112264.11
2025-11-03,POS PURCHASE PRESTO,36.15,,112227.96
2025-11-03,POS PURCHASE PRESTO,7.35,,112220.61
2025-11-03,POS PURCHASE IMPARK,18.08,,112202.53
2025-11-03,POS PURCHASE UBER *TRIP,50.89,,112151.64
2025-11-03,POS PURCHASE STAPLES #8469 TORONTO ON,81.75,,112069.89
2025-11-04,POS PURCHASE STAPLES #9777 ETOBICOKE ON,21.08,,112048.81
2025-11-05,PRE-AUTH DEBIT NORTHSHORE MUTUAL INSURANCE TEST,118.00,,111930.81
2025-11-05,POS PURCHASE DOLLARAMA #7989 MISSISSAUGA ON,46.11,,111884.70
2025-11-06,POS PURCHASE IMPARK,26.20,,111858.50
2025-11-07,POS PURCHASE IMPARK,16.97,,111841.53
2025-11-07,POS PURCHASE STAPLES #6346 MILTON ON,58.02,,111783.51
2025-11-10,PRE-AUTH DEBIT ROGERS,87.71,,111695.80
2025-11-10,POS PURCHASE GREEN P PARKING,17.74,,111678.06
2025-11-10,POS PURCHASE GREEN P PARKING,9.87,,111668.19
2025-11-10,POS PURCHASE UBER *TRIP,42.90,,111625.29
2025-11-12,PRE-AUTH DEBIT BELL CANADA INTERNET,79.99,,111545.30
2025-11-13,POS PURCHASE PRESTO,5.01,,111540.29
2025-11-14,POS PURCHASE GREEN P PARKING,9.15,,111531.14
2025-11-14,POS PURCHASE UBER *TRIP,49.66,,111481.48
2025-11-17,PRE-AUTH DEBIT MICROSOFT*365 MSBILL.INFO,16.95,,111464.53
2025-11-17,PRE-AUTH DEBIT GOOGLE *WORKSPACE,9.36,,111455.17
2025-11-17,POS PURCHASE PRESTO,26.74,,111428.43
2025-11-17,POS PURCHASE PRESTO,30.45,,111397.98
2025-11-17,POS PURCHASE CANADA POST,18.59,,111379.39
2025-11-18,POS PURCHASE UBER *TRIP,27.97,,111351.42
2025-11-18,POS PURCHASE CANADA POST,53.46,,111297.96
2025-11-19,POS PURCHASE PRESTO,15.38,,111282.58
2025-11-20,PRE-AUTH DEBIT INTUIT *QUICKBOOKS,35.00,,111247.58
2025-11-20,POS PURCHASE PRESTO,37.49,,111210.09
2025-11-20,POS PURCHASE UBER *TRIP,51.94,,111158.15
2025-11-20,PAYMENT TO CARD AURORA CARD TEST 7712,779.18,,110378.97
2025-11-21,POS PURCHASE PRESTO,28.57,,110350.40
2025-11-21,POS PURCHASE PRESTO,10.78,,110339.62
2025-11-24,POS PURCHASE PRESTO,13.32,,110326.30
2025-11-24,POS PURCHASE PRESTO,21.51,,110304.79
2025-11-24,POS PURCHASE PRESTO,26.61,,110278.18
2025-11-24,POS PURCHASE IMPARK,28.00,,110250.18
2025-11-24,POS PURCHASE STAPLES #1741 AJAX ON,74.64,,110175.54
2025-11-25,POS PURCHASE UPS STORE #4777 SCARBOROUGH ON,50.46,,110125.08
2025-11-26,EFT DEPOSIT NORTHWIND LOGISTICS TEST INC,,15820.00,125945.08
2025-11-27,POS PURCHASE PRESTO,29.31,,125915.77
2025-11-28,MONTHLY ACCOUNT FEE,16.95,,125898.82
2025-11-28,POS PURCHASE PRESTO,17.20,,125881.62
2025-11-28,POS PURCHASE PRESTO,11.08,,125870.54
2025-11-28,POS PURCHASE UBER *TRIP,29.05,,125841.49
2025-11-28,POS PURCHASE DOLLARAMA #650 BURLINGTON ON,34.77,,125806.72
2025-12-01,PRE-AUTH DEBIT BRIGHTPATH BOOKKEEPING TEST INC,282.50,,125524.22
2025-12-01,POS PURCHASE UBER *TRIP,24.27,,125499.95
2025-12-01,POS PURCHASE CANADA POST,38.49,,125461.46
2025-12-03,POS PURCHASE PRESTO,23.87,,125437.59
2025-12-03,POS PURCHASE UBER *TRIP,33.19,,125404.40
2025-12-04,POS PURCHASE PRESTO,6.51,,125397.89
2025-12-04,POS PURCHASE IMPARK,12.66,,125385.23
2025-12-04,POS PURCHASE AMAZON.CA,49.14,,125336.09
2025-12-05,PRE-AUTH DEBIT NORTHSHORE MUTUAL INSURANCE TEST,118.00,,125218.09
2025-12-05,POS PURCHASE PRESTO,29.84,,125188.25
2025-12-08,PRE-AUTH DEBIT ROGERS,86.73,,125101.52
2025-12-08,POS PURCHASE IMPARK,27.46,,125074.06
2025-12-08,POS PURCHASE GREEN P PARKING,19.98,,125054.08
2025-12-08,POS PURCHASE AMAZON.CA,48.93,,125005.15
2025-12-09,POS PURCHASE PRESTO,6.29,,124998.86
2025-12-12,PRE-AUTH DEBIT BELL CANADA INTERNET,79.99,,124918.87
2025-12-12,POS PURCHASE GREEN P PARKING,12.95,,124905.92
2025-12-15,PRE-AUTH DEBIT MICROSOFT*365 MSBILL.INFO,16.95,,124888.97
2025-12-15,POS PURCHASE PRESTO,37.50,,124851.47
2025-12-15,POS PURCHASE UBER *TRIP,21.03,,124830.44
2025-12-15,POS PURCHASE STAPLES #7026 SCARBOROUGH ON,13.47,,124816.97
2025-12-15,POS PURCHASE DOLLARAMA #3540 MILTON ON,63.94,,124753.03
2025-12-15,POS PURCHASE DOLLARAMA #1055 PICKERING ON,58.85,,124694.18
2025-12-15,POS PURCHASE UPS STORE #4297 OAKVILLE ON,30.11,,124664.07
2025-12-16,POS PURCHASE PRESTO,30.33,,124633.74
2025-12-16,POS PURCHASE PRESTO,35.26,,124598.48
2025-12-17,PRE-AUTH DEBIT GOOGLE *WORKSPACE,9.36,,124589.12
2025-12-17,POS PURCHASE PRESTO,39.40,,124549.72
2025-12-18,E-TRANSFER RECEIVED PRIYA NAIR TEST,,12000.00,136549.72
2025-12-19,POS PURCHASE PRESTO,29.00,,136520.72
2025-12-20,E-TRANSFER SENT PRIYA NAIR TEST,20000.00,,116520.72
2025-12-22,PRE-AUTH DEBIT INTUIT *QUICKBOOKS,35.00,,116485.72
2025-12-22,POS PURCHASE PRESTO,31.20,,116454.52
2025-12-22,POS PURCHASE UBER *TRIP,39.41,,116415.11
2025-12-22,POS PURCHASE CANADA POST,58.71,,116356.40
2025-12-22,PAYMENT TO CARD AURORA CARD TEST 7712,815.85,,115540.55
2025-12-23,POS PURCHASE PRESTO,15.26,,115525.29
2025-12-23,POS PURCHASE IMPARK,11.98,,115513.31
2025-12-25,EFT DEPOSIT NORTHWIND LOGISTICS TEST INC,,15820.00,131333.31
2025-12-25,POS PURCHASE UBER *TRIP,22.74,,131310.57
2025-12-25,POS PURCHASE AMAZON.CA,37.15,,131273.42
2025-12-29,MONTHLY ACCOUNT FEE,16.95,,131256.47
2025-12-29,POS PURCHASE PRESTO,27.60,,131228.87
2025-12-30,POS PURCHASE IMPARK,17.84,,131211.03
2025-12-31,POS PURCHASE PRESTO,26.06,,131184.97
