[Riverdale Rentals Inc. (Test)|0|0|0aad6c0c-6444-466e-a247-ed6d63078cd2],"Current Year","Last Year",""
GFBGII[1].GFGIJ.Ttwgij104,"VALUE","","GIFI code 8141 - Amount - Real estate rental revenue"
IDENT.Ident120,"VALUE","","Line 060 - Tax year start date"
IDENT.Ident121,"VALUE","","Line 061 - Tax year-end"
IDENT.Ident311,"VALUE","","Corporation's name"
IDENT.Ident230,"VALUE","","Line 990 - Indicate your language of correspondence of your choice.|`English|`Français"
IDENT.Ident451,"VALUE","","CCH iFirm - Client code"
IDENT.Ident492,"VALUE","",""
IFirm.ContactPartner,"","","Partner"
IFirm.ContactID,"VALUE","",""
