[Eglinton Holdings Inc. (Test)|0|0|00000000-0000-0000-0000-000000000000],"Current Year","Last Year",""
GFGBA.Ttwgba64,"255791","",""
GFGBA.Ttwgba96,"200000","",""
GFBGII[1].GFGIJ.Ttwgij90,"8000","",""
GFBGII[1].GFGIJ.Ttwgij92,"111800","",""
GFBGII[1].GFGIJ.Ttwgij117,"90000","",""
GFBGII[1].GFGIL.Ttwgil146,"203","",""
GFBGII[1].GFGIL.Ttwgil154,"50","",""
GFBGII[1].GFGIL.Ttwgil168,"1695","",""
GFBGII[1].GFGIL.Ttwgil169,"4200","",""
GFBGII[1].GFGIL.Ttwgil176,"79","",""
GFBGII[1].GFGIL.Ttwgil393,"623","",""
