[Lakeshore Eats Inc. (Test)|0|0|00000000-0000-0000-0000-000000000000],"Current Year","Last Year",""
GFGBA.Ttwgba64,"57187","",""
GFBGII[1].GFGIJ.Ttwgij68,"367531","",""
GFBGII[1].GFGIJ.Ttwgij120,"11232","",""
GFBGII[1].GFGIK.Ttwgik52,"63681","",""
GFBGII[1].GFGIL.Ttwgil120,"4592","",""
GFBGII[1].GFGIL.Ttwgil133,"8133","",""
GFBGII[1].GFGIL.Ttwgil137,"14291","",""
GFBGII[1].GFGIL.Ttwgil138,"5832","",""
GFBGII[1].GFGIL.Ttwgil146,"359","",""
GFBGII[1].GFGIL.Ttwgil147,"9666","",""
GFBGII[1].GFGIL.Ttwgil169,"4068","",""
GFBGII[1].GFGIL.Ttwgil187,"78000","",""
GFBGII[1].GFGIL.Ttwgil190,"7349","",""
GFBGII[1].GFGIL.Ttwgil196,"6950","",""
GFBGII[1].GFGIL.Ttwgil208,"92687","",""
GFBGII[1].GFGIL.Ttwgil217,"30415","",""
GFBGII[1].GFGIL.Ttwgil393,"1796","",""
GFBGII[1].GFGIL.Ttwgil399,"1440","",""
GFBGII[1].GFGIL.Ttwgil232,"15022","",""
GFBGII[1].GFGIL.Ttwgil237,"1032","",""
