[Rouge Valley Landscaping Inc. (Test)|0|0|00000000-0000-0000-0000-000000000000],"Current Year","Last Year",""
GFGBA.Ttwgba64,"4254","",""
GFGBA.Ttwgba74,"280","",""
GFBGII[1].GFGIJ.Ttwgij68,"26790","",""
GFBGII[1].GFGIK.Ttwgik55,"19048","",""
GFBGII[1].GFGIL.Ttwgil120,"279","",""
GFBGII[1].GFGIL.Ttwgil137,"3150","",""
GFBGII[1].GFGIL.Ttwgil138,"2580","",""
GFBGII[1].GFGIL.Ttwgil146,"179","",""
GFBGII[1].GFGIL.Ttwgil196,"795","",""
GFBGII[1].GFGIL.Ttwgil217,"3474","",""
GFBGII[1].GFGIL.Ttwgil393,"414","",""
GFBGII[1].GFGIL.Ttwgil237,"836","",""
GFBGII[1].GFGIL.Ttwgil250,"2142","",""
