[Danforth Cleaning Co. Ltd. (Test)|TEST-10|EN]
S100.null,52000.00
S100.1002,138408.81
S100.1301,11984.20
S100.1740,9800.00
S100.1741,7840.00
S100.1742,72000.00
S100.1743,11638.36
S100.2680,9690.54
S100.2707,1329.52
S100.3500,100.00
S100.3600,38634.32
S125.8000,363203.76
S125.8523,1113.82
S125.8670,13598.36
S125.8690,3180.00
S125.8715,299.40
S125.9110,65429.73
S125.9130,47062.65
S125.9150,371.64
S125.9225,1040.76
S125.9270,429.65
S125.9281,15717.48
S1.NETINCOME,214960.27
S1.ADD[1].DESC,50% of meals and entertainment
S1.ADD[1].AMT,556.91
S1.ADD[2].DESC,Book amortization
S1.ADD[2].AMT,13598.36
S1.ADD[3].DESC,HST late-filing penalties and interest
S1.ADD[3].AMT,429.65
S8[1].CLASS,8
S8[1].OPENUCC,2940.00
S8[2].CLASS,10.1
S8[2].ADDITIONS,72000.00
S50[1].NAME,Rosa Ferreira (Test)
S50[1].SIN,873931569
S50[1].COMMONPCT,100.00
