[Queen West Design Studio Inc. (Test)|0|0|00000000-0000-0000-0000-000000000000],"Current Year","Last Year",""
GFGBA.Ttwgba64,"144723","",""
GFGBA.Ttwgba65,"41184","",""
GFGBA.Ttwgba127,"1350","",""
GFBGII[1].GFGIJ.Ttwgij68,"383475","",""
GFBGII[1].GFGIJ.Ttwgij121,"-818","",""
GFBGII[1].GFGIL.Ttwgil123,"2262","",""
GFBGII[1].GFGIL.Ttwgil127,"4000","",""
GFBGII[1].GFGIL.Ttwgil133,"10402","",""
GFBGII[1].GFGIL.Ttwgil137,"2912","",""
GFBGII[1].GFGIL.Ttwgil138,"1770","",""
GFBGII[1].GFGIL.Ttwgil146,"703","",""
GFBGII[1].GFGIL.Ttwgil163,"14704","",""
GFBGII[1].GFGIL.Ttwgil169,"5300","",""
GFBGII[1].GFGIL.Ttwgil187,"38400","",""
GFBGII[1].GFGIL.Ttwgil208,"62400","",""
GFBGII[1].GFGIL.Ttwgil213,"72000","",""
GFBGII[1].GFGIL.Ttwgil217,"5872","",""
GFBGII[1].GFGIL.Ttwgil393,"1701","",""
GFBGII[1].GFGIL.Ttwgil399,"1062","",""
GFBGII[1].GFGIL.Ttwgil229,"8261","",""
GFBGII[1].GFGIL.Ttwgil237,"945","",""
GFBGII[1].GFGIL.Ttwgil244,"1228","",""
