[Sharma Medicine Professional Corporation (Test)|0|0|00000000-0000-0000-0000-000000000000],"Current Year","Last Year",""
GFGBA.Ttwgba64,"257703","",""
GFGBA.Ttwgba72,"58646","",""
GFBGII[1].GFGIJ.Ttwgij68,"374185","",""
GFBGII[1].GFGIJ.Ttwgij120,"5380","",""
GFBGII[1].GFGIL.Ttwgil133,"4401","",""
GFBGII[1].GFGIL.Ttwgil137,"848","",""
GFBGII[1].GFGIL.Ttwgil146,"155","",""
GFBGII[1].GFGIL.Ttwgil154,"8150","",""
GFBGII[1].GFGIL.Ttwgil163,"1757","",""
GFBGII[1].GFGIL.Ttwgil169,"1500","",""
GFBGII[1].GFGIL.Ttwgil187,"50400","",""
GFBGII[1].GFGIL.Ttwgil208,"55900","",""
GFBGII[1].GFGIL.Ttwgil217,"6093","",""
GFBGII[1].GFGIL.Ttwgil393,"468","",""
GFBGII[1].GFGIL.Ttwgil237,"1050","",""
