[Probe Co. (Test)|0|0|67a6bfce-eb0c-4ee7-a978-aa45a3bd9875],"VALUE","Last Year",""
FDONE.Ttwone1,"VALUE","","Total"
FDONE.Ttwone66,"VALUE","","Net income (loss) for income tax purposes (amount B minus line 510)"
FDONE.Ttwone229,"VALUE","","Net income (loss) after taxes and extraordinary items from line 9999 of Schedule 125"
CCACat.FED.Ttw08c1,"VALUE","","Totals - Recapture of CCA"
CCACat.FED.Ttw08c2,"VALUE","","Totals - Terminal loss"
CCACat.FED.Ttw08c3,"VALUE","","Totals - CCA"
CCACat.FED.Ttw08c13,"VALUE","","Totals - Undepreciated capital cost (UCC) at the beginning of the year"
CCACat.FED.Ttw08c14,"VALUE","","Totals - Cost of acquisitions during the year"
CCACat.FED.Ttw08c15,"VALUE","","Totals - Adjustments and transfers"
CCACat.FED.Ttw08c16,"VALUE","","Totals - Proceeds of dispositions"
CCACat.FED.Ttw08c18,"VALUE","","Totals - UCC at the end of the year"
CCACat.FED.Ttw08c144,"VALUE","","Totals - Undepreciated capital cost"
CCACat.FED.Ttw08c40,"VALUE","","Class Filter"
CCACat.FED.Ttw08c108,"VALUE","","Totals (filter) - Undepreciated capital cost (UCC) at the beginning of the year"
CCACat.FED.Ttw08c109,"VALUE","","Totals (filter) - Cost of acquisitions during the year"
CCACat.FED.Ttw08c110,"VALUE","","Totals (filter) - Adjustments and transfers"
CCACat.FED.Ttw08c115,"VALUE","","Totals (filter) - CCA"
CCACat.FED.Ttw08c116,"VALUE","","Totals (filter) - UCC at the end of the year"
CCACat.FED.Ttw08c148,"VALUE","","Totals (filter) - Undepreciated capital cost"
CCACat.FED.Ttw08c149,"VALUE","","Is the corporation electing under subsection 1101(5q) of the Income Tax Regulations?"
CCACat.FED.Ttw08c117,"VALUE","","Totals (filter) - Proceeds of dispositions"
CCACat.FED.Ttw08c119,"VALUE","","Totals (filter) - Recapture of CCA"
CCACat.FED.Ttw08c120,"VALUE","","Totals (filter) - Terminal loss"
CCACat.FED.Ttw08c152,"VALUE","","Totals (filter) - Cost of acquisitions from column 3 that are RIIP or ZEV acquired after 2024"
CCACat.FED.Ttw08c153,"VALUE","","Totals - Cost of acquisitions from column 3 that are RIIP or ZEV acquired after 2024"
CCACat.FED.Ttw08c154,"VALUE","","Totals (filter) - Proceeds of dispositions available to reduce the UCC of RIIP and ZEV acquired after 2024"
CCACat.FED.Ttw08c155,"VALUE","","Totals - Proceeds of dispositions available to reduce the UCC of RIIP and ZEV acquired after 2024"
CCACat.FED.Ttw08c156,"VALUE","","Totals (filter) - Net capital cost additions of RIIP and ZEV acquired after 2024"
CCACat.FED.Ttw08c157,"VALUE","","Totals - Net capital cost additions of RIIP and ZEV acquired after 2024"
CCACat.FED.Ttw08c158,"VALUE","","Totals (filter) - UCC adjustment for RIIP and ZEV acquired after 2024"
CCACat.FED.Ttw08c159,"VALUE","","Totals - UCC adjustment for RIIP and ZEV acquired after 2024"
CCACat.FED.Ttw08c263,"VALUE","","Default to zero CCA claim for all classes"
CCACat.FED.Ttw08c204,"VALUE","","Totals (filter) - Amount from column 6 that is assistance received or receivable during the year for a property, subsequent to its disposition"
CCACat.FED.Ttw08c205,"VALUE","","Totals (filter) - Amount from column 6 that is repaid during the year for a property, subsequent to its disposition"
CCACat.FED.Ttw08c206,"VALUE","","Totals (filter) - Proceeds of dispositions available to reduce the UCC of AIIP, RIIP and ZEV"
CCACat.FED.Ttw08c207,"VALUE","","Totals (filter) - Net capital cost additions of AIIP and ZEV acquired before 2025"
CCACat.FED.Ttw08c208,"VALUE","","Totals (filter) - UCC adjustment for AIIP and ZEV acquired before 2025"
CCACat.FED.Ttw08c210,"VALUE","","Totals - Amount from column 6 that is assistance received or receivable during the year for a property, subsequent to its disposition"
CCACat.FED.Ttw08c211,"VALUE","","Totals - Amount from column 6 that is repaid during the year for a property, subsequent to its disposition"
CCACat.FED.Ttw08c212,"VALUE","","Totals - Proceeds of dispositions available to reduce the UCC of AIIP, RIIP and ZEV"
CCACat.FED.Ttw08c213,"VALUE","","Totals - Net capital cost additions of AIIP and ZEV acquired before 2025"
CCACat.FED.Ttw08c214,"VALUE","","Totals - UCC adjustment for AIIP and ZEV acquired before 2025"
CCACat.FED.Ttw08c218,"VALUE","","Totals (filter) - UCC adjustment for property acquired during the year other than AIIP, RIIP and ZEV"
CCACat.FED.Ttw08c219,"VALUE","","Totals - UCC adjustment for property acquired during the year other than AIIP, RIIP and ZEV"
CCACat.FED.Ttw08c286,"VALUE","","Totals (filter) - Cost of acquisitions from column 3 that are AIIP or ZEV acquired before 2025"
CCACat.FED.Ttw08c287,"VALUE","","Totals - Cost of acquisitions from column 3 that are AIIP or ZEV acquired before 2025"
CCACat.FD08C[1].Ttw08c2,"VALUE","","If it is rental property (under regulation 1100(11)), do you want to link this property to a Statement of real estate rental properties?"
CCACat.FD08C[1].RentalLinkCell,"VALUE","","If yes, specify the property to be linked in order to transfer data:"
CCACat.FD08C[1].Ttw08c253,"VALUE","","Was the property a DIEP in a prior taxation year?"
CCACat.FD08C[1].Ttw08c254,"VALUE","","Proceeds of disposition for a passenger vehicle (DIEP in a prior taxation year only) - Proceeds of disposition"
CCACat.FD08C[1].Ttw08c255,"VALUE","","Proceeds of disposition for a passenger vehicle (DIEP in a prior taxation year only) - Cost of the passenger vehicle"
CCACat.FD08C[1].Ttw08c256,"VALUE","","Proceeds of disposition for a passenger vehicle (DIEP in a prior taxation year only) - Original capital cost (line 203 in the taxation year of the acquisition)"
CCACat.FD08C[1].Ttw08c257,"VALUE","","Proceeds of disposition for a passenger vehicle (DIEP in a prior taxation year only) - Government assistance received or repaid"
CCACat.FD08C[1].Ttw08c258,"VALUE","","Proceeds of disposition for a passenger vehicle (DIEP in a prior taxation year only) - Does the corporation not deal at arm's length with the purchaser?"
CCACat.FD08C[1].Ttw08c259,"VALUE","","Proceeds of disposition for a passenger vehicle (DIEP in a prior taxation year only) - Applicable proceeds of disposition"
CCACat.FD08C[1].Ttw08c296,"VALUE","","Government assistance received or entitled to be received"
CCACat.FD08C[1].Ttw08c298,"VALUE","","Is the property a RIIP?"
CCACat.FD08C[1].Ttw08c300,"VALUE","","Is the cost of acquisition reported on line 203 related to an eligible manufacturing building that qualifies for the enhanced CCA under subparagraph 1100(1)(a.1)(i) ITA?"
CCACat.FD08C[1].Ttw08c301,"VALUE","","Is the cost of acquisition reported on line 203 related to a greenhouse that qualifies for the enhanced CCA under paragraph 1100(1)ze) ITR?"
CCACat.FD08C[1].FED.Ttw08cA1,"VALUE","","Class number"
CCACat.FD08C[1].FED.Ttw08cA2,"VALUE","","Federal - CCA rate"
CCACat.FD08C[1].FED.Ttw08cA3,"VALUE","","Description"
CCACat.FD08C[1].FED.Ttw08cA4,"VALUE","","Federal - Annual CCA on prior year additions (as per schedule below)"
CCACat.FD08C[1].FED.Ttw08cA5,"VALUE","","Federal - UCC at the beginning of the taxation year"
CCACat.FD08C[1].FED.Ttw08cA6,"VALUE","","Federal - ITC (prior year)"
CCACat.FD08C[1].FED.Ttw08cA8,"VALUE","","Federal - Adjustments and transfers not affecting the adjustments under subsection 1100(2) ITR"
CCACat.FD08C[1].FED.Ttw08cA9,"VALUE","","Federal - Additions (property subject to subsection 1100(2) ITR)"
CCACat.FD08C[1].FED.Ttw08cA10,"VALUE","","Federal - Additions (property not subject to subsection 1100(2) ITR)"
CCACat.FD08C[1].FED.Ttw08cA12,"VALUE","","Federal - Disposals"
CCACat.FD08C[1].FED.Ttw08cA13,"VALUE","","Terminal loss?"
CCACat.FD08C[1].FED.Ttw08cA21,"VALUE","","Federal - Maximum allowable CCA"
CCACat.FD08C[1].FED.Ttw08cA22,"VALUE","","Federal - CCA claimed"
CCACat.FD08C[1].FED.Ttw08cA23,"VALUE","","Federal - UCC at the end of the taxation year"
CCACat.FD08C[1].FED.Ttw08cA37,"VALUE","","Federal - Proceeds of dispositions"
CCACat.FD08C[1].FED.Ttw08cA39,"VALUE","","Federal - Recapture of CCA"
CCACat.FD08C[1].FED.Ttw08cA40,"VALUE","","Federal - Terminal loss"
CCACat.FD08C[1].FED.Ttw08cA41,"VALUE","","CCA rate %"
CCACat.FD08C[1].FED.Ttw08cA90,"VALUE","","Federal - UCC balance"
CCACat.FD08C[1].FED.Ttw08cA94,"VALUE","","Federal - UCC balance (before CCA)"
CCACat.FD08C[1].FED.Ttw08cA95,"VALUE","","Resource asset?"
CCACat.FD08C[1].FED.Ttw08cA96,"VALUE","","Is the corporation electing under reg. 1101(5q)? (to place this property  in a separate class for rapidly depreciating electronic equipment)"
CCACat.FD08C[1].FED.Ttw08cA98,"VALUE","","Federal - CCA"
CCACat.FD08C[1].FED.Ttw08cA115,"VALUE","","Federal - Prior year additions (1/2 year rule)"
CCACat.FD08C[1].FED.Ttw08cA125,"VALUE","","Federal - GST/HST and PST rebate"
CCACat.FD08C[1].FED.Ttw08cA50,"VALUE","","Federal - Cost of acquisitions during the year"
CCACat.FD08C[1].FED.Ttw08cA53,"VALUE","","Federal - Adjustments and transfers"
CCACat.FD08C[1].FED.Ttw08cA27,"VALUE","","Location"
CCACat.FD08C[1].FED.Ttw08cA28,"VALUE","","Acquisition date"
CCACat.FD08C[1].FED.Ttw08cA29,"VALUE","","Disposal date"
CCACat.FD08C[1].FED.Ttw08cA30,"VALUE","","Purchase cost, before GST and PST, or HST"
CCACat.FD08C[1].FED.Ttw08cA31,"VALUE","","Is the property subject to the half-year rule?"
CCACat.FD08C[1].FED.Ttw08cA32,"VALUE","","GST or HST payable on purchase"
CCACat.FD08C[1].FED.Ttw08cA33,"VALUE","","GST or HST input tax credit or rebate"
CCACat.FD08C[1].FED.Ttw08cA34,"VALUE","","PST payable on purchase"
CCACat.FD08C[1].FED.Ttw08cA35,"VALUE","","Trade-in value (note 2)"
CCACat.FD08C[1].FED.Ttw08cA54,"VALUE","","Amortization period for current year additions"
CCACat.FD08C[1].FED.Ttw08cA55,"VALUE","","Termination date of the lease (including next renewal term)"
CCACat.FD08C[1].FED.Ttw08cA167,"VALUE","","Is one of the properties acquired during the year an AIIP?"
CCACat.FD08C[1].FED.Ttw08cA133,"VALUE","","Current-year additions - Description of property"
CCACat.FD08C[1].FED.Ttw08cA134,"VALUE","","Current year additions - Date of acquisition"
CCACat.FD08C[1].FED.Ttw08cA135,"VALUE","","Current year additions - Termination date"
CCACat.FD08C[1].FED.Ttw08cA136,"VALUE","","Number of days of ownership"
CCACat.FD08C[1].FED.Ttw08cA137,"VALUE","","Amortization period"
CCACat.FD08C[1].FED.Ttw08cA138,"VALUE","","PST input tax credit or rebate"
CCACat.FD08C[1].FED.Ttw08cA166,"VALUE","","Is the property an AIIP?"
CCACat.FD08C[1].FED.Ttw08cA144,"VALUE","","Total percentages on lines 303 (must equal 100%)"
CCACat.FD08C[1].FED.Ttw08cA145,"VALUE","","Additions (property subject to subsection 1100(2) ITR) - Select this check box if the property in class 12 is subject to subsection 1100(2) ITR"
CCACat.FD08C[1].FED.Ttw08cA146,"VALUE","","Business name"
CCACat.FD08C[1].FED.Ttw08cA147,"VALUE","","Federal - Cumulative eligible capital (CEC) balance (positive or negative) in respect of the business on January 1, 2017"
CCACat.FD08C[1].FED.Ttw08cA148,"VALUE","","Federal - If the CEC balance is negative, enter the amount that would need to be included in income pursuant to paragraph 14(1)(b) ITA, as that paragraph applied immediately before January 1, 2017"
CCACat.FD08C[1].FED.Ttw08cA149,"VALUE","","Federal - Deductions that reduced CEC in respect of the business for taxation years ending before January 1, 2017"
CCACat.FD08C[1].FED.Ttw08cA150,"VALUE","","Federal - Deemed total capital cost of property in the class under paragraph 13(38)(a) ITA (4/3 x [G + (3/2 x H) + I + J])"
CCACat.FD08C[1].FED.Ttw08cA151,"VALUE","","Federal - Amount deemed allowed as a deduction against the capital cost of property in the class under paragraph 13(38)(c) ITA for taxation years ending before January 1, 2017"
CCACat.FD08C[1].FED.Ttw08cA152,"VALUE","","Federal - UCC balance in the class on January 1, 2017 (K - L)"
CCACat.FD08C[1].FED.Ttw08cA153,"VALUE","","Federal - CCA claimed with respect to this UCC balance in preceding taxation years"
CCACat.FD08C[1].FED.Ttw08cA154,"VALUE","","Federal - Rate applicable to the additional deduction"
CCACat.FD08C[1].FED.Ttw08cA155,"VALUE","","Federal - Eligible CCA"
CCACat.FD08C[1].FED.Ttw08cA156,"VALUE","","Federal - Additional deduction"
CCACat.FD08C[1].FED.Ttw08cA160,"VALUE","","Federal - UCC adjustments under subsection 13(39) ITA"
CCACat.FD08C[1].FED.Ttw08cA161,"VALUE","","Federal - Item D.1 of the CEC definition in subsection 14(5) ITA, as that subsection applied immediately before January 1, 2017"
CCACat.FD08C[1].FED.Ttw08cA162,"VALUE","","Federal - Total UCC adjustments in preceding taxation years under subsection 13(39) ITA"
CCACat.FD08C[1].FED.Ttw08cA164,"VALUE","","Federal - Cost of addictions included at line 203 that are AIIP"
CCACat.FD08C[1].FED.Ttw08cA174,"VALUE","","Federal - Net capital cost for additions of AIIP and ZEV acquired before 2025"
CCACat.FD08C[1].FED.Ttw08cA183,"VALUE","","Is this a separate class used solely for the Québec income tax return and relating to prescribed property qualifying for the additional CCA of 30%?"
CCACat.FD08C[1].FED.Ttw08cA184,"VALUE","","Are properties entered in the Québec column eligible for the additional CCA of 30%?"
CCACat.FD08C[1].FED.Ttw08cA188,"VALUE","","Federal - Assistance received or receivable during the year for a property after its disposition"
CCACat.FD08C[1].FED.Ttw08cA189,"VALUE","","Federal - Proceeds of disposition available to reduce additions of AIIP, RIIP and ZEV"
CCACat.FD08C[1].FED.Ttw08cA190,"VALUE","","Federal - UCC adjustment for AIIP and ZEV acquired before 2025"
CCACat.FD08C[1].FED.Ttw08cA194,"VALUE","","Federal - UCC adjustment for other property acquired during the year"
CCACat.FD08C[1].FED.Ttw08cA163,"VALUE","","Federal - Amount repaid during the year for a property after its disposition"
CCACat.FD08C[1].FED.Ttw08cA206,"VALUE","","Federal - Cost of additions included at line 203 that are AIIP or ZEV acquired before 2025"
CCACat.FD08C[1].FED.Ttw08cA213,"VALUE","","Federal - Negative UCC (closing)"
CCACat.FD08C[1].FED.Ttw08cA214,"VALUE","","Federal - Cost of additions included at line 203 that are AIIP or ZEV acquired before 2025 - Available for use in 2024 and 2025"
CCACat.FD08C[1].FED.Ttw08cA215,"VALUE","","Federal - Cost of additions included at line 203 that are AIIP or ZEV acquired before 2025 - Available for use in 2026 and 2027"
CCACat.FD08C[1].FED.Ttw08cA219,"VALUE","","Federal - Non-compliant CCA amount (short-term rentals)"
CCACat.FD08C[1].FED.Ttw08cA220,"VALUE","","Federal - Classes 44, 46 and 50 only - Acquired before April 16, 2024"
CCACat.FD08C[1].FED.Ttw08cA221,"VALUE","","Federal - Classes 44, 46 and 50 only - Acquired after April 15, 2024, and before 2025"
CCACat.FD08C[1].FED.Ttw08cA222,"VALUE","","Federal - Cost of additions included at line 203 that are RIIP or ZEV acquired after 2024"
CCACat.FD08C[1].FED.Ttw08cA223,"VALUE","","Federal - Class 43 - RIIP acquired after 2025 that would have been part of Class 53 if acquired before 2026"
CCACat.FD08C[1].FED.Ttw08cA224,"VALUE","","Federal - Proceeds of disposition available to reduce the UCC of RIIP and ZEV acquired after 2024"
CCACat.FD08C[1].FED.Ttw08cA225,"VALUE","","Federal - Net capital cost additions of RIIP and ZEV acquired after 2024"
CCACat.FD08C[1].FED.Ttw08cA226,"VALUE","","Federal - UCC adjustment for RIIP and ZEV acquired after 2024"
CCACat.FD08C[1].FED.Ttw08cA179,"VALUE","","Federal - Classes 44, 46 and 50 - RIIP available for use before 2027"
CCACat.FD08C[1].QUE.Ttw08cA2,"VALUE","","Québec - CCA rate"
CCACat.FD08C[1].QUE.Ttw08cA4,"VALUE","","Québec - Annual CCA on prior year additions (as per schedule below)"
CCACat.FD08C[1].QUE.Ttw08cA5,"VALUE","","Québec - UCC at the beginning of the taxation year"
CCACat.FD08C[1].QUE.Ttw08cA6,"VALUE","","Québec - ITC (prior year)"
CCACat.FD08C[1].QUE.Ttw08cA8,"VALUE","","Québec - Adjustments and transfers not affecting the adjustments under subsection 1100(2) ITR"
CCACat.FD08C[1].QUE.Ttw08cA9,"VALUE","","Québec - Additions (property subject to subsection 1100(2) ITR)"
CCACat.FD08C[1].QUE.Ttw08cA10,"VALUE","","Québec - Additions (property not subject to subsection 1100(2) ITR)"
CCACat.FD08C[1].QUE.Ttw08cA12,"VALUE","","Québec - Disposals"
CCACat.FD08C[1].QUE.Ttw08cA21,"VALUE","","Québec - Maximum allowable CCA"
CCACat.FD08C[1].QUE.Ttw08cA22,"VALUE","","Québec - CCA claimed"
CCACat.FD08C[1].QUE.Ttw08cA23,"VALUE","","Québec - UCC at the end of the taxation year"
CCACat.FD08C[1].QUE.Ttw08cA90,"VALUE","","Québec - UCC balance"
CCACat.FD08C[1].QUE.Ttw08cA94,"VALUE","","Québec - UCC balance (before CCA)"
CCACat.FD08C[1].QUE.Ttw08cA115,"VALUE","","Québec - Prior year additions (1/2 year rule)"
CCACat.FD08C[1].QUE.Ttw08cA125,"VALUE","","Québec - GST/HST and PST rebate"
CCACat.FD08C[1].QUE.Ttw08cA147,"VALUE","","Québec - Cumulative eligible capital (CEC) balance (positive or negative) in respect of the business on January 1, 2017"
CCACat.FD08C[1].QUE.Ttw08cA148,"VALUE","","Québec - If the CEC balance is negative, enter the amount that would need to be included in income pursuant to paragraph 14(1)(b) ITA, as that paragraph applied immediately before January 1, 2017"
CCACat.FD08C[1].QUE.Ttw08cA149,"VALUE","","Québec - Deductions that reduced CEC in respect of the business for taxation years ending before January 1, 2017"
CCACat.FD08C[1].QUE.Ttw08cA150,"VALUE","","Québec - Deemed total capital cost of property in the class under paragraph 13(38)(a) ITA (4/3 x [G + (3/2 x H) + I + J])"
CCACat.FD08C[1].QUE.Ttw08cA151,"VALUE","","Québec - Amount deemed allowed as a deduction against the capital cost of property in the class under paragraph 13(38)(c) ITA for taxation years ending before January 1, 2017"
CCACat.FD08C[1].QUE.Ttw08cA152,"VALUE","","Québec - UCC balance in the class on January 1, 2017 (K - L)"
CCACat.FD08C[1].QUE.Ttw08cA153,"VALUE","","Québec - CCA claimed with respect to this UCC balance in preceding taxation years"
CCACat.FD08C[1].QUE.Ttw08cA154,"VALUE","","Québec - Rate applicable to the additional deduction"
CCACat.FD08C[1].QUE.Ttw08cA155,"VALUE","","Québec - Eligible CCA"
CCACat.FD08C[1].QUE.Ttw08cA156,"VALUE","","Québec - Additional deduction"
CCACat.FD08C[1].QUE.Ttw08cA160,"VALUE","","Québec - UCC adjustments under subsection 13(39) ITA"
CCACat.FD08C[1].QUE.Ttw08cA161,"VALUE","","Québec - Item D.1 of the CEC definition in subsection 14(5) ITA, as that subsection applied immediately before January 1, 2017"
CCACat.FD08C[1].QUE.Ttw08cA162,"VALUE","","Québec - Total UCC adjustments in preceding taxation years under subsection 13(39) ITA"
CCACat.FD08C[1].QUE.Ttw08cA164,"VALUE","","Québec - Cost of additions included at line 203 that are AIIP or ZEP - Available for use before 2024"
CCACat.FD08C[1].QUE.Ttw08cA174,"VALUE","","Québec - Net capital cost for additions of AIIP and ZEV acquired before 2025"
CCACat.FD08C[1].QUE.Ttw08cA188,"VALUE","","Québec - Assistance received or receivable during the year for a property after its disposition"
CCACat.FD08C[1].QUE.Ttw08cA189,"VALUE","","Québec - Proceeds of disposition available to reduce the UCC of AIIP, RIIP and ZEV"
CCACat.FD08C[1].QUE.Ttw08cA190,"VALUE","","Québec - UCC adjustment for AIIP and ZEV acquired before 2025"
CCACat.FD08C[1].QUE.Ttw08cA194,"VALUE","","Québec - UCC adjustment for other property acquired during the year"
CCACat.FD08C[1].QUE.Ttw08cA163,"VALUE","","Québec - Amount repaid during the year for a property after its disposition"
CCACat.FD08C[1].QUE.Ttw08cA206,"VALUE","","Québec - Cost of additions included at line 203 that are AIIP or ZEV acquired before 2025"
CCACat.FD08C[1].QUE.Ttw08cA213,"VALUE","","Québec - Negative UCC (closing)"
CCACat.FD08C[1].QUE.Ttw08cA214,"VALUE","","Québec - Cost of additions included at line 203 that are AIIP or ZEV acquired before 2025 - Available for use in 2024 and 2025"
CCACat.FD08C[1].QUE.Ttw08cA215,"VALUE","","Québec - Cost of additions included at line 203 that are AIIP or ZEV acquired before 2025 - Available for use in 2026 and 2027"
CCACat.FD08C[1].QUE.Ttw08cA216,"VALUE","","Québec - Capital cost included on line 203 of property qualified for the accelerated depreciation special rules in Québec - Available for use in 2024 and 2025"
CCACat.FD08C[1].QUE.Ttw08cA217,"VALUE","","Québec - Capital cost included on line 203 of property qualified for the accelerated depreciation special rules in Québec - Available for use in 2026 and 2027"
CCACat.FD08C[1].QUE.Ttw08cA219,"VALUE","","Québec - Non-compliant CCA amount (short-term rentals)"
CCACat.FD08C[1].QUE.Ttw08cA220,"VALUE","","Québec - Classes 44, 46 and 50 only - Acquired before April 16, 2024"
CCACat.FD08C[1].QUE.Ttw08cA221,"VALUE","","Québec - Classes 44, 46 and 50 only - Acquired after April 15, 2024, and before 2025"
CCACat.FD08C[1].QUE.Ttw08cA222,"VALUE","","Québec - Cost of additions included at line 203 that are RIIP or ZEV acquired after 2024"
CCACat.FD08C[1].QUE.Ttw08cA223,"VALUE","","Québec - Class 43 - RIIP acquired after 2025 that would have been part of Class 53 if acquired before 2026"
CCACat.FD08C[1].QUE.Ttw08cA224,"VALUE","","Québec - Proceeds of disposition available to reduce the UCC of RIIP and ZEV acquired after 2024"
CCACat.FD08C[1].QUE.Ttw08cA225,"VALUE","","Québec - Net capital cost for additions of RIIP and ZEV acquired after 2024"
CCACat.FD08C[1].QUE.Ttw08cA226,"VALUE","","Québec - UCC adjustment for RIIP and ZEV acquired after 2024"
CCACat.FD08C[1].QUE.Ttw08cA179,"VALUE","","Québec - Classes 44, 46 and 50 - RIIP available for use before 2027"
CCACat.FD08C[1].ALB.Ttw08cA2,"VALUE","","Alberta - CCA rate"
CCACat.FD08C[1].ALB.Ttw08cA4,"VALUE","","Alberta - Annual CCA on prior year additions (as per schedule below)"
CCACat.FD08C[1].ALB.Ttw08cA5,"VALUE","","Alberta - UCC at the beginning of the taxation year"
CCACat.FD08C[1].ALB.Ttw08cA6,"VALUE","","Alberta - ITC (prior year)"
CCACat.FD08C[1].ALB.Ttw08cA8,"VALUE","","Alberta - Adjustments and transfers not affecting the adjustments under subsection 1100(2) ITR"
CCACat.FD08C[1].ALB.Ttw08cA9,"VALUE","","Alberta - Additions (property subject to subsection 1100(2) ITR)"
CCACat.FD08C[1].ALB.Ttw08cA10,"VALUE","","Alberta - Additions (property not subject to subsection 1100(2) ITR)"
CCACat.FD08C[1].ALB.Ttw08cA12,"VALUE","","Alberta - Disposals"
CCACat.FD08C[1].ALB.Ttw08cA21,"VALUE","","Alberta - Maximum allowable CCA"
CCACat.FD08C[1].ALB.Ttw08cA22,"VALUE","","Alberta - CCA claimed"
CCACat.FD08C[1].ALB.Ttw08cA23,"VALUE","","Alberta - UCC at the end of the taxation year"
CCACat.FD08C[1].ALB.Ttw08cA90,"VALUE","","Alberta - UCC balance"
CCACat.FD08C[1].ALB.Ttw08cA94,"VALUE","","Alberta - UCC balance (before CCA)"
CCACat.FD08C[1].ALB.Ttw08cA115,"VALUE","","Alberta - Prior year additions (1/2 year rule)"
CCACat.FD08C[1].ALB.Ttw08cA125,"VALUE","","Alberta - GST/HST and PST rebate"
CCACat.FD08C[1].ALB.Ttw08cA147,"VALUE","","Alberta - Cumulative eligible capital (CEC) balance (positive or negative) in respect of the business on January 1, 2017"
CCACat.FD08C[1].ALB.Ttw08cA148,"VALUE","","Alberta - If the CEC balance is negative, enter the amount that would need to be included in income pursuant to paragraph 14(1)(b) ITA, as that paragraph applied immediately before January 1, 2017"
CCACat.FD08C[1].ALB.Ttw08cA149,"VALUE","","Alberta - Deductions that reduced CEC in respect of the business for taxation years ending before January 1, 2017"
CCACat.FD08C[1].ALB.Ttw08cA150,"VALUE","","Alberta - Deemed total capital cost of property in the class under paragraph 13(38)(a) ITA (4/3 x [G + (3/2 x H) + I + J])"
CCACat.FD08C[1].ALB.Ttw08cA151,"VALUE","","Alberta - Amount deemed allowed as a deduction against the capital cost of property in the class under paragraph 13(38)(c) ITA for taxation years ending before January 1, 2017"
CCACat.FD08C[1].ALB.Ttw08cA152,"VALUE","","Alberta - UCC balance in the class on January 1, 2017 (K - L)"
CCACat.FD08C[1].ALB.Ttw08cA153,"VALUE","","Alberta - CCA claimed with respect to this UCC balance in preceding taxation years"
CCACat.FD08C[1].ALB.Ttw08cA154,"VALUE","","Alberta - Rate applicable to the additional deduction"
CCACat.FD08C[1].ALB.Ttw08cA155,"VALUE","","Alberta - Eligible CCA"
CCACat.FD08C[1].ALB.Ttw08cA156,"VALUE","","Alberta - Additional deduction"
CCACat.FD08C[1].ALB.Ttw08cA160,"VALUE","","Alberta - UCC adjustments under subsection 13(39) ITA"
CCACat.FD08C[1].ALB.Ttw08cA161,"VALUE","","Alberta - Item D.1 of the CEC definition in subsection 14(5) ITA, as that subsection applied immediately before January 1, 2017"
CCACat.FD08C[1].ALB.Ttw08cA162,"VALUE","","Alberta - Total UCC adjustments in preceding taxation years under subsection 13(39) ITA"
CCACat.FD08C[1].ALB.Ttw08cA164,"VALUE","","Alberta - Cost of additions included at line 203 that are AIIP or ZEP - Available before 2024"
CCACat.FD08C[1].ALB.Ttw08cA174,"VALUE","","Alberta - Net capital cost for additions of AIIP and ZEV acquired before 2025"
CCACat.FD08C[1].ALB.Ttw08cA188,"VALUE","","Alberta - Assistance received or receivable during the year for a property after its disposition"
CCACat.FD08C[1].ALB.Ttw08cA189,"VALUE","","Alberta - Proceeds of disposition available to reduce the UCC of AIIP, RIIP and ZEV"
CCACat.FD08C[1].ALB.Ttw08cA190,"VALUE","","Alberta - UCC adjustment for AIIP and ZEV acquired before 2025"
CCACat.FD08C[1].ALB.Ttw08cA194,"VALUE","","Alberta - UCC adjustment for other property acquired during the year"
CCACat.FD08C[1].ALB.Ttw08cA163,"VALUE","","Alberta - Amount repaid during the year for a property after its disposition"
CCACat.FD08C[1].ALB.Ttw08cA206,"VALUE","","Alberta - Cost of additions included at line 203 that are AIIP or ZEV acquired before 2025"
CCACat.FD08C[1].ALB.Ttw08cA213,"VALUE","","Alberta - Negative UCC (closing)"
CCACat.FD08C[1].ALB.Ttw08cA214,"VALUE","","Alberta - Cost of additions included at line 203 that are AIIP or ZEV acquired before 2025 - Available for use in 2024 and 2025"
CCACat.FD08C[1].ALB.Ttw08cA215,"VALUE","","Alberta - Cost of additions included at line 203 that are AIIP or ZEV acquired before 2025 - Available for use in 2026 and 2027"
CCACat.FD08C[1].ALB.Ttw08cA219,"VALUE","","Alberta - Non-compliant CCA amount (short-term rentals)"
CCACat.FD08C[1].ALB.Ttw08cA220,"VALUE","","Alberta - Classes 44, 46 and 50 only - Acquired before April 16, 2024"
CCACat.FD08C[1].ALB.Ttw08cA221,"VALUE","","Alberta - Classes 44, 46 and 50 only - Acquired after April 15, 2024, and before 2025"
CCACat.FD08C[1].ALB.Ttw08cA222,"VALUE","","Alberta - Cost of additions included at line 203 that are RIIP or ZEV acquired after 2024"
CCACat.FD08C[1].ALB.Ttw08cA223,"VALUE","","Alberta - Class 43 - RIIP acquired after 2025 that would have been part of Class 53 if acquired before 2026"
CCACat.FD08C[1].ALB.Ttw08cA224,"VALUE","","Alberta - Proceeds of disposition available to reduce the UCC of RIIP and ZEV acquired after 2024"
CCACat.FD08C[1].ALB.Ttw08cA225,"VALUE","","Alberta - Net capital cost for additions of RIIP and ZEV acquired after 2024"
CCACat.FD08C[1].ALB.Ttw08cA226,"VALUE","","Alberta - UCC adjustment for RIIP and ZEV acquired after 2024"
CCACat.FD08C[1].ALB.Ttw08cA179,"VALUE","","Alberta - Classes 44, 46 and 50 - RIIP available for use before 2027"
