Date,Activity,Security,Quantity,Amount,Cash Balance
2025-01-27,FEE,ACCOUNT ADMIN FEE CRESTVIEW INVESTING TEST,,-4.95,3198.19
2025-02-10,DEPOSIT,FROM CHEQUING LAKEVIEW BANK TEST,,60000.00,63198.19
2025-02-12,BUY,MAPLEGATE BANC TEST CORP,1000,-58900.00,4298.19
2025-02-12,FEE,TRADE COMMISSION CRESTVIEW INVESTING TEST,,-9.99,4288.20
2025-02-27,FEE,ACCOUNT ADMIN FEE CRESTVIEW INVESTING TEST,,-4.95,4283.25
2025-03-27,FEE,ACCOUNT ADMIN FEE CRESTVIEW INVESTING TEST,,-4.95,4278.30
2025-03-28,DIVIDEND,MAPLEGATE BANC TEST CORP,,1150.00,5428.30
2025-03-28,DIVIDEND,NORTHERN POWER UTILITIES TEST CORP,,980.00,6408.30
2025-03-28,DIVIDEND,CEDARWOOD TELECOM TEST CORP,,820.00,7228.30
2025-03-31,INTEREST,GIC LAKEVIEW BANK TEST,,2000.00,9228.30
2025-04-28,FEE,ACCOUNT ADMIN FEE CRESTVIEW INVESTING TEST,,-4.95,9223.35
2025-05-27,FEE,ACCOUNT ADMIN FEE CRESTVIEW INVESTING TEST,,-4.95,9218.40
2025-06-27,DIVIDEND,MAPLEGATE BANC TEST CORP,,1150.00,10368.40
2025-06-27,DIVIDEND,NORTHERN POWER UTILITIES TEST CORP,,980.00,11348.40
2025-06-27,DIVIDEND,CEDARWOOD TELECOM TEST CORP,,820.00,12168.40
2025-06-27,FEE,ACCOUNT ADMIN FEE CRESTVIEW INVESTING TEST,,-4.95,12163.45
2025-06-30,INTEREST,GIC LAKEVIEW BANK TEST,,2000.00,14163.45
2025-07-28,FEE,ACCOUNT ADMIN FEE CRESTVIEW INVESTING TEST,,-4.95,14158.50
2025-08-27,FEE,ACCOUNT ADMIN FEE CRESTVIEW INVESTING TEST,,-4.95,14153.55
2025-09-12,SELL,CRESTVIEW CDN DIVIDEND ETF TEST,4000,175000.00,189153.55
2025-09-12,FEE,TRADE COMMISSION CRESTVIEW INVESTING TEST,,-9.99,189143.56
2025-09-16,WITHDRAWAL,TO CHEQUING LAKEVIEW BANK TEST,,-150000.00,39143.56
2025-09-26,DIVIDEND,MAPLEGATE BANC TEST CORP,,1150.00,40293.56
2025-09-26,DIVIDEND,NORTHERN POWER UTILITIES TEST CORP,,980.00,41273.56
2025-09-26,DIVIDEND,CEDARWOOD TELECOM TEST CORP,,820.00,42093.56
2025-09-29,FEE,ACCOUNT ADMIN FEE CRESTVIEW INVESTING TEST,,-4.95,42088.61
2025-09-30,INTEREST,GIC LAKEVIEW BANK TEST,,2000.00,44088.61
2025-10-27,FEE,ACCOUNT ADMIN FEE CRESTVIEW INVESTING TEST,,-4.95,44083.66
2025-11-27,FEE,ACCOUNT ADMIN FEE CRESTVIEW INVESTING TEST,,-4.95,44078.71
2025-12-29,DIVIDEND,MAPLEGATE BANC TEST CORP,,1150.00,45228.71
2025-12-29,DIVIDEND,NORTHERN POWER UTILITIES TEST CORP,,980.00,46208.71
2025-12-29,DIVIDEND,CEDARWOOD TELECOM TEST CORP,,820.00,47028.71
2025-12-29,FEE,ACCOUNT ADMIN FEE CRESTVIEW INVESTING TEST,,-4.95,47023.76
2025-12-31,INTEREST,GIC LAKEVIEW BANK TEST,,2000.00,49023.76
