[Humber Bay Software Ltd. (Test)|0|0|00000000-0000-0000-0000-000000000000],"Current Year","Last Year",""
GFGBA.Ttwgba64,"169229","",""
GFGBA.Ttwgba126,"14447","",""
GFBGII[1].GFGIJ.Ttwgij68,"140400","",""
GFBGII[1].GFGIL.Ttwgil133,"4723","",""
GFBGII[1].GFGIL.Ttwgil137,"2265","",""
GFBGII[1].GFGIL.Ttwgil146,"203","",""
GFBGII[1].GFGIL.Ttwgil163,"3574","",""
GFBGII[1].GFGIL.Ttwgil208,"59800","",""
GFBGII[1].GFGIL.Ttwgil393,"4768","",""
GFBGII[1].GFGIL.Ttwgil399,"956","",""
GFBGII[1].GFGIL.Ttwgil229,"778","",""
GFBGII[1].GFGIL.Ttwgil237,"1029","",""
GFBGII[1].GFGIL.Ttwgil244,"550","",""
