[Scarborough Robotics Labs Inc. (Test)|TEST-09|EN]
S100.null,-25000.00
S100.1002,43940.23
S100.1740,5424.00
S100.1741,585.49
S100.1774,4800.00
S100.1775,775.89
S100.2680,621.09
S100.2707,2382.28
S100.2781,55000.00
S100.3500,100.00
S125.8000,18000.00
S125.8523,1541.19
S125.8670,1361.38
S125.8690,870.00
S125.8715,159.60
S125.8861,1850.00
S125.8862,1426.00
S125.8911,8771.70
S125.9130,11573.50
S125.9150,3338.25
S125.9275,1008.01
S125.9282,16400.89
S1.NETINCOME,-30300.52
S1.ADD[1].DESC,50% of meals and entertainment
S1.ADD[1].AMT,770.60
S1.ADD[2].DESC,Book amortization
S1.ADD[2].AMT,1361.38
S8[1].CLASS,8
S8[1].ADDITIONS,5424.00
S8[2].CLASS,50
S8[2].ADDITIONS,4800.00
S50[1].NAME,Wei Zhang (Test)
S50[1].SIN,751444601
S50[1].COMMONPCT,70.00
S50[2].NAME,Olu Adeyemi (Test)
S50[2].SIN,484502127
S50[2].COMMONPCT,30.00
