[Eglinton Holdings Inc. (Test)|0|0|11111111-1111-4111-8111-111111111111],"Current Year","Last Year",""
GFGBA.Ttwgba64,"255791","","GIFI code 1002 - Test description"
GFGBA.Ttwgba96,"200000","","GIFI code 1181 - Test description"
GFBGII[1].GFGIJ.Ttwgij90,"8000","","GIFI code 8094 - Test description"
GFBGII[1].GFGIJ.Ttwgij92,"111800","","GIFI code 8096 - Test description"
GFBGII[1].GFGIJ.Ttwgij117,"90000","","GIFI code 8211 - Test description"
GFBGII[1].GFGIL.Ttwgil146,"203","","GIFI code 8715 - Test description"
GFBGII[1].GFGIL.Ttwgil154,"50","","GIFI code 8760 - Test description"
GFBGII[1].GFGIL.Ttwgil168,"1695","","GIFI code 8861 - Test description"
GFBGII[1].GFGIL.Ttwgil169,"4200","","GIFI code 8862 - Test description"
GFBGII[1].GFGIL.Ttwgil176,"79","","GIFI code 8869 - Test description"
GFBGII[1].GFGIL.Ttwgil393,"623","","GIFI code 9150 - Test description"
IDENT.Ident120,"2025-01-01","","Line 060 - Tax year start date"
IDENT.Ident121,"2025-12-31","","Line 061 - Tax year-end"
IDENT.Ident311,"Eglinton Holdings Inc. (Test)","","Corporation's name"
IDENT.Ident230,"1","","Line 990 - Language of correspondence"
IDENT.Ident451,"C005","","CCH iFirm - Client code"
IDENT.Ident492,"N","",""
IFirm.ContactPartner,"","","Partner"
IFirm.ContactID,"C005","","Contact ID"
