Date,Description,Amount
02/01/2025,STARBUCKS #6668 MARKHAM ON,-6.44
02/01/2025,IMPARK,-35.12
03/01/2025,CANVA,-19.21
05/01/2025,PIZZA PIZZA #3032 MARKHAM ON,-18.85
05/01/2025,UBER *TRIP,-15.11
06/01/2025,BOSTON PIZZA #2224 AJAX ON,-14.31
06/01/2025,UBER *TRIP,-42.62
09/01/2025,A&W #3357 ETOBICOKE ON,-7.92
09/01/2025,ZOOM.US,-22.59
09/01/2025,PRESTO,-9.73
10/01/2025,AMAZON.CA,-68.86
10/01/2025,PRESTO,-23.61
12/01/2025,IMPARK,-45.63
12/01/2025,PUROLATOR,-26.86
14/01/2025,PANERA BREAD #967 TORONTO ON,-12.46
14/01/2025,HARVEYS #5491 BRAMPTON ON,-13.05
14/01/2025,DROPBOX,-16.95
15/01/2025,STARBUCKS #502 ETOBICOKE ON,-12.92
15/01/2025,PRESTO,-33.44
16/01/2025,HARVEYS #2756 BRAMPTON ON,-17.34
18/01/2025,PRET A MANGER #6279 MARKHAM ON,-12.41
18/01/2025,CANADA POST,-45.57
19/01/2025,MOXIES #2122 VAUGHAN ON,-15.13
20/01/2025,MCDONALDS #3910 HAMILTON ON,-6.15
20/01/2025,STAPLES #8888 MISSISSAUGA ON,-60.13
20/01/2025,PRESTO,-28.75
20/01/2025,PAYMENT - THANK YOU,1835.43
21/01/2025,UBER *TRIP,-38.05
22/01/2025,NOTION LABS,-11.30
24/01/2025,PANERA BREAD #427 BRAMPTON ON,-8.84
25/01/2025,AMAZON.CA,-11.85
25/01/2025,UBER *TRIP,-20.56
25/01/2025,GREEN P PARKING,-31.52
27/01/2025,PRESTO,-19.12
27/01/2025,PRESTO,-39.73
28/01/2025,STAPLES #8169 SCARBOROUGH ON,-82.67
29/01/2025,GREEN P PARKING,-15.87
01/02/2025,PRET A MANGER #6944 HAMILTON ON,-5.09
01/02/2025,AMAZON.CA,-82.55
01/02/2025,AMAZON.CA,-21.75
02/02/2025,SWISS CHALET #4975 VAUGHAN ON,-6.91
02/02/2025,SUBWAY #1493 BURLINGTON ON,-7.29
02/02/2025,PRESTO,-25.94
03/02/2025,CANVA,-19.21
03/02/2025,UBER *TRIP,-9.49
04/02/2025,STAPLES #7044 HAMILTON ON,-40.56
05/02/2025,BOSTON PIZZA #7416 OAKVILLE ON,-5.89
05/02/2025,MOXIES #5087 MARKHAM ON,-9.65
05/02/2025,A&W #5172 ETOBICOKE ON,-6.54
06/02/2025,PRESTO,-32.51
06/02/2025,PRESTO,-37.66
07/02/2025,PANERA BREAD #5912 BRAMPTON ON,-12.86
09/02/2025,EAST SIDE MARIOS #2893 TORONTO ON,-6.26
09/02/2025,ZOOM.US,-22.59
13/02/2025,EAST SIDE MARIOS #1610 MARKHAM ON,-10.55
13/02/2025,AMAZON.CA,-14.93
14/02/2025,DROPBOX,-16.95
16/02/2025,UBER *TRIP,-34.20
17/02/2025,AMAZON.CA,-58.59
18/02/2025,PRESTO,-11.83
19/02/2025,GREEN P PARKING,-19.29
20/02/2025,PIZZA PIZZA #1395 VAUGHAN ON,-12.04
20/02/2025,UBER *TRIP,-12.43
20/02/2025,PAYMENT - THANK YOU,910.67
21/02/2025,TIM HORTONS #6503 VAUGHAN ON,-11.61
22/02/2025,MOXIES #3489 BURLINGTON ON,-13.86
22/02/2025,NOTION LABS,-11.30
23/02/2025,PRESTO,-6.12
24/02/2025,STAPLES #2161 MISSISSAUGA ON,-61.54
25/02/2025,MOXIES #4246 OAKVILLE ON,-9.42
25/02/2025,UBER *TRIP,-39.17
25/02/2025,CANADA POST,-26.78
26/02/2025,UBER *TRIP,-16.08
27/02/2025,PUROLATOR,-41.50
28/02/2025,PRESTO,-22.89
02/03/2025,STAPLES #1083 NORTH YORK ON,-43.01
03/03/2025,CANVA,-19.21
05/03/2025,HARVEYS #7198 ETOBICOKE ON,-17.70
05/03/2025,PRESTO,-30.90
06/03/2025,SWISS CHALET #2544 HAMILTON ON,-6.62
08/03/2025,AMAZON.CA,-59.40
08/03/2025,UBER *TRIP,-42.43
09/03/2025,ZOOM.US,-22.59
14/03/2025,DROPBOX,-16.95
14/03/2025,IMPARK,-25.35
16/03/2025,MOXIES #9103 SCARBOROUGH ON,-14.07
16/03/2025,STAPLES #7651 BRAMPTON ON,-51.21
16/03/2025,PRESTO,-30.02
18/03/2025,BOSTON PIZZA #1206 ETOBICOKE ON,-18.46
20/03/2025,HARVEYS #9001 TORONTO ON,-16.50
20/03/2025,GREEN P PARKING,-28.39
20/03/2025,PRESTO,-38.74
20/03/2025,PAYMENT - THANK YOU,803.83
21/03/2025,STAPLES #3546 BURLINGTON ON,-13.14
21/03/2025,PUROLATOR,-40.94
22/03/2025,NOTION LABS,-11.30
22/03/2025,STAPLES #4794 OAKVILLE ON,-32.84
23/03/2025,HARVEYS #7992 BURLINGTON ON,-12.68
23/03/2025,STARBUCKS #5067 SCARBOROUGH ON,-4.76
23/03/2025,STARBUCKS #6082 SCARBOROUGH ON,-19.22
23/03/2025,TIM HORTONS #6181 TORONTO ON,-11.20
23/03/2025,GREEN P PARKING,-32.07
24/03/2025,CANADA POST,-19.29
26/03/2025,EAST SIDE MARIOS #6503 PICKERING ON,-9.87
27/03/2025,SECOND CUP #655 MARKHAM ON,-10.45
27/03/2025,UBER *TRIP,-7.06
27/03/2025,PRESTO,-18.35
29/03/2025,HARVEYS #1349 MISSISSAUGA ON,-13.34
29/03/2025,UBER *TRIP,-23.72
30/03/2025,STAPLES #4326 PICKERING ON,-91.14
31/03/2025,UBER *TRIP,-12.34
02/04/2025,STAPLES #4875 BURLINGTON ON,-41.05
02/04/2025,PUROLATOR,-13.52
03/04/2025,CANVA,-19.21
04/04/2025,IMPARK,-32.49
06/04/2025,IMPARK,-9.97
07/04/2025,HARVEYS #9439 VAUGHAN ON,-15.84
08/04/2025,SECOND CUP #8468 AJAX ON,-11.97
08/04/2025,PRESTO,-29.69
09/04/2025,TIM HORTONS #6087 TORONTO ON,-19.28
09/04/2025,ZOOM.US,-22.59
09/04/2025,STAPLES #6886 VAUGHAN ON,-73.69
10/04/2025,TIM HORTONS #3294 BRAMPTON ON,-18.80
13/04/2025,SUBWAY #2238 VAUGHAN ON,-12.83
13/04/2025,STAPLES #140 AJAX ON,-70.87
14/04/2025,DROPBOX,-16.95
15/04/2025,UBER *TRIP,-18.60
16/04/2025,PIZZA PIZZA #2261 MISSISSAUGA ON,-7.50
17/04/2025,GREEN P PARKING,-40.38
17/04/2025,PRESTO,-28.75
18/04/2025,A&W #1212 HAMILTON ON,-8.94
18/04/2025,STAPLES #799 HAMILTON ON,-55.76
18/04/2025,AMAZON.CA,-56.57
20/04/2025,AMAZON.CA,-35.78
21/04/2025,IMPARK,-31.55
21/04/2025,PRESTO,-13.22
21/04/2025,PAYMENT - THANK YOU,865.26
22/04/2025,SECOND CUP #7558 ETOBICOKE ON,-15.53
22/04/2025,NOTION LABS,-11.30
24/04/2025,PRET A MANGER #7588 TORONTO ON,-19.51
24/04/2025,STARBUCKS #6213 PICKERING ON,-6.16
25/04/2025,MOXIES #2327 PICKERING ON,-9.62
26/04/2025,STARBUCKS #7833 ETOBICOKE ON,-9.34
26/04/2025,UBER *TRIP,-30.25
30/04/2025,PRESTO,-16.42
01/05/2025,THE KEG #4206 BRAMPTON ON,-13.51
02/05/2025,IMPARK,-26.49
03/05/2025,A&W #5276 HAMILTON ON,-18.07
03/05/2025,CANVA,-19.21
03/05/2025,GREEN P PARKING,-31.00
05/05/2025,PRESTO,-35.87
06/05/2025,IMPARK,-24.42
08/05/2025,AMAZON.CA,-7.84
08/05/2025,STAPLES #2246 NORTH YORK ON,-90.42
09/05/2025,ZOOM.US,-22.59
12/05/2025,PRESTO,-26.06
13/05/2025,SUBWAY #3202 BURLINGTON ON,-6.57
13/05/2025,UBER *TRIP,-32.20
14/05/2025,DROPBOX,-16.95
18/05/2025,STAPLES #5217 VAUGHAN ON,-16.66
19/05/2025,THE KEG #1785 VAUGHAN ON,-14.29
19/05/2025,PIZZA PIZZA #9595 MARKHAM ON,-18.09
20/05/2025,PIZZA PIZZA #2381 MISSISSAUGA ON,-18.18
20/05/2025,PAYMENT - THANK YOU,823.93
21/05/2025,UBER *TRIP,-15.74
22/05/2025,PRET A MANGER #9938 TORONTO ON,-18.56
22/05/2025,NOTION LABS,-11.30
22/05/2025,STAPLES #6728 SCARBOROUGH ON,-71.92
22/05/2025,IMPARK,-16.52
22/05/2025,PRESTO,-38.93
23/05/2025,AMAZON.CA,-23.47
23/05/2025,STAPLES #5829 MARKHAM ON,-29.06
25/05/2025,PIZZA PIZZA #9073 MILTON ON,-6.95
26/05/2025,STAPLES #7464 TORONTO ON,-89.98
27/05/2025,PRET A MANGER #3102 NORTH YORK ON,-13.70
27/05/2025,MCDONALDS #6355 MARKHAM ON,-16.69
27/05/2025,PRESTO,-14.74
29/05/2025,PIZZA PIZZA #8939 MILTON ON,-5.61
29/05/2025,GREEN P PARKING,-25.52
29/05/2025,IMPARK,-38.26
31/05/2025,MOXIES #7731 MARKHAM ON,-9.97
31/05/2025,PUROLATOR,-26.48
01/06/2025,HARVEYS #1978 PICKERING ON,-18.92
01/06/2025,A&W #3705 OAKVILLE ON,-4.92
02/06/2025,AMAZON.CA,-54.54
02/06/2025,STAPLES #6793 AJAX ON,-89.50
03/06/2025,CANVA,-19.21
03/06/2025,AMAZON.CA,-23.48
03/06/2025,GREEN P PARKING,-9.73
03/06/2025,PRESTO,-18.72
03/06/2025,PRESTO,-39.37
05/06/2025,PRESTO,-34.96
07/06/2025,STAPLES #4140 MILTON ON,-70.70
08/06/2025,MOXIES #3318 TORONTO ON,-7.30
08/06/2025,PRESTO,-38.54
09/06/2025,ZOOM.US,-22.59
10/06/2025,PIZZA PIZZA #4734 NORTH YORK ON,-14.37
14/06/2025,DROPBOX,-16.95
15/06/2025,SECOND CUP #3932 BURLINGTON ON,-14.59
15/06/2025,BOSTON PIZZA #9867 ETOBICOKE ON,-12.09
15/06/2025,TIM HORTONS #8875 ETOBICOKE ON,-6.49
16/06/2025,THE KEG #308 SCARBOROUGH ON,-16.46
16/06/2025,AMAZON.CA,-16.81
16/06/2025,AMAZON.CA,-57.70
18/06/2025,IMPARK,-21.61
18/06/2025,PRESTO,-32.31
20/06/2025,PAYMENT - THANK YOU,911.82
21/06/2025,A&W #4101 OAKVILLE ON,-15.03
21/06/2025,IMPARK,-29.05
22/06/2025,NOTION LABS,-11.30
22/06/2025,IMPARK,-10.26
25/06/2025,TIM HORTONS #8075 NORTH YORK ON,-7.18
26/06/2025,PUROLATOR,-45.41
27/06/2025,IMPARK,-42.13
28/06/2025,PRESTO,-19.88
29/06/2025,PRESTO,-32.04
30/06/2025,HARVEYS #2739 BRAMPTON ON,-19.30
30/06/2025,SWISS CHALET #7881 ETOBICOKE ON,-13.18
01/07/2025,A&W #9044 MISSISSAUGA ON,-13.11
01/07/2025,HARVEYS #5208 HAMILTON ON,-6.31
03/07/2025,CANVA,-19.21
04/07/2025,STARBUCKS #5952 SCARBOROUGH ON,-14.35
04/07/2025,GREEN P PARKING,-29.96
04/07/2025,PRESTO,-29.44
05/07/2025,MOXIES #5362 OAKVILLE ON,-17.31
05/07/2025,MCDONALDS #5067 BRAMPTON ON,-17.73
05/07/2025,GREEN P PARKING,-38.20
07/07/2025,AMAZON.CA,-49.12
07/07/2025,AMAZON.CA,-90.60
07/07/2025,IMPARK,-24.38
07/07/2025,UBER *TRIP,-21.72
07/07/2025,CANADA POST,-22.36
08/07/2025,AMAZON.CA,-69.53
09/07/2025,ZOOM.US,-22.59
09/07/2025,UBER *TRIP,-30.13
09/07/2025,GREEN P PARKING,-30.86
11/07/2025,AMAZON.CA,-84.70
11/07/2025,IMPARK,-45.52
12/07/2025,HARVEYS #9755 BRAMPTON ON,-5.26
13/07/2025,PRESTO,-31.47
14/07/2025,SUBWAY #981 AJAX ON,-6.03
14/07/2025,DROPBOX,-16.95
14/07/2025,STAPLES #6362 AJAX ON,-84.38
14/07/2025,PRESTO,-7.54
15/07/2025,PRESTO,-14.24
15/07/2025,PRESTO,-27.96
16/07/2025,GREEN P PARKING,-32.87
18/07/2025,SUBWAY #7372 MARKHAM ON,-15.52
18/07/2025,PRESTO,-36.16
21/07/2025,PRESTO,-26.70
21/07/2025,PAYMENT - THANK YOU,906.62
22/07/2025,NOTION LABS,-11.30
23/07/2025,STARBUCKS #1641 BURLINGTON ON,-18.82
24/07/2025,SUBWAY #7709 BURLINGTON ON,-16.06
24/07/2025,SECOND CUP #1252 MARKHAM ON,-14.40
24/07/2025,PRESTO,-15.17
26/07/2025,MOXIES #9247 ETOBICOKE ON,-10.98
27/07/2025,STAPLES #3460 PICKERING ON,-34.40
28/07/2025,AMAZON.CA,-89.03
01/08/2025,MCDONALDS #3118 BRAMPTON ON,-10.59
01/08/2025,PRET A MANGER #4165 MISSISSAUGA ON,-16.01
01/08/2025,SWISS CHALET #7346 BRAMPTON ON,-15.98
01/08/2025,GREEN P PARKING,-10.62
02/08/2025,AMAZON.CA,-88.61
03/08/2025,CANVA,-19.21
03/08/2025,UBER *TRIP,-29.95
04/08/2025,SUBWAY #1065 PICKERING ON,-17.34
07/08/2025,MOXIES #1141 ETOBICOKE ON,-12.90
07/08/2025,STAPLES #6859 ETOBICOKE ON,-29.91
08/08/2025,HARVEYS #4184 TORONTO ON,-7.96
08/08/2025,STAPLES #5579 ETOBICOKE ON,-35.32
08/08/2025,UBER *TRIP,-9.10
08/08/2025,PRESTO,-36.39
09/08/2025,ZOOM.US,-22.59
10/08/2025,AMAZON.CA,-7.98
11/08/2025,UBER *TRIP,-29.54
14/08/2025,DROPBOX,-16.95
15/08/2025,STAPLES #9656 TORONTO ON,-61.69
15/08/2025,PUROLATOR,-11.66
18/08/2025,PRESTO,-21.25
19/08/2025,PRESTO,-12.77
20/08/2025,PRESTO,-34.40
20/08/2025,PAYMENT - THANK YOU,1192.37
21/08/2025,PRESTO,-39.36
22/08/2025,NOTION LABS,-11.30
22/08/2025,UBER *TRIP,-21.51
23/08/2025,PANERA BREAD #7155 MARKHAM ON,-11.88
23/08/2025,SECOND CUP #9706 NORTH YORK ON,-12.89
24/08/2025,IMPARK,-34.63
24/08/2025,PRESTO,-30.89
28/08/2025,HARVEYS #8975 VAUGHAN ON,-16.49
28/08/2025,STAPLES #6535 BURLINGTON ON,-39.65
30/08/2025,SECOND CUP #9238 NORTH YORK ON,-19.36
30/08/2025,EAST SIDE MARIOS #1604 BRAMPTON ON,-12.33
30/08/2025,EAST SIDE MARIOS #7021 BRAMPTON ON,-16.16
30/08/2025,HARVEYS #6753 MARKHAM ON,-16.97
30/08/2025,GREEN P PARKING,-20.16
30/08/2025,PRESTO,-15.82
01/09/2025,STARBUCKS #7534 MARKHAM ON,-19.13
02/09/2025,HARVEYS #5426 MISSISSAUGA ON,-6.46
02/09/2025,STAPLES #6999 OAKVILLE ON,-44.98
03/09/2025,CANVA,-19.21
05/09/2025,BOSTON PIZZA #2311 MILTON ON,-14.81
06/09/2025,HARVEYS #3796 BRAMPTON ON,-7.62
07/09/2025,AMAZON.CA,-85.12
07/09/2025,GREEN P PARKING,-12.32
07/09/2025,PRESTO,-20.84
08/09/2025,SUBWAY #2746 SCARBOROUGH ON,-5.76
08/09/2025,UBER *TRIP,-29.07
09/09/2025,ZOOM.US,-22.59
11/09/2025,SECOND CUP #8850 AJAX ON,-6.68
12/09/2025,PRESTO,-16.04
13/09/2025,AMAZON.CA,-51.72
13/09/2025,PRESTO,-31.56
14/09/2025,DROPBOX,-16.95
14/09/2025,AMAZON.CA,-88.17
14/09/2025,IMPARK,-12.12
14/09/2025,UBER *TRIP,-20.43
15/09/2025,EAST SIDE MARIOS #3142 SCARBOROUGH ON,-6.65
16/09/2025,SUBWAY #8104 ETOBICOKE ON,-14.74
17/09/2025,HARVEYS #9726 BURLINGTON ON,-12.28
18/09/2025,GREEN P PARKING,-33.29
20/09/2025,SUBWAY #8487 PICKERING ON,-13.89
22/09/2025,NOTION LABS,-11.30
22/09/2025,IMPARK,-41.60
22/09/2025,PAYMENT - THANK YOU,878.12
25/09/2025,HARVEYS #1523 OAKVILLE ON,-18.59
25/09/2025,STARBUCKS #9751 AJAX ON,-16.77
26/09/2025,CANADA POST,-37.10
27/09/2025,PRESTO,-12.84
29/09/2025,PUROLATOR,-36.50
30/09/2025,STAPLES #5030 MISSISSAUGA ON,-81.76
03/10/2025,CANVA,-19.21
04/10/2025,PRESTO,-19.44
05/10/2025,PRESTO,-36.21
08/10/2025,A&W #2693 BURLINGTON ON,-8.15
08/10/2025,PRET A MANGER #4116 SCARBOROUGH ON,-12.98
08/10/2025,IMPARK,-22.95
08/10/2025,CANADA POST,-39.55
09/10/2025,ZOOM.US,-22.59
09/10/2025,IMPARK,-23.29
10/10/2025,GREEN P PARKING,-23.72
11/10/2025,AMAZON.CA,-13.37
11/10/2025,PRESTO,-7.58
11/10/2025,CANADA POST,-21.08
12/10/2025,STAPLES #9340 NORTH YORK ON,-11.14
14/10/2025,DROPBOX,-16.95
14/10/2025,AMAZON.CA,-79.85
14/10/2025,GREEN P PARKING,-10.29
15/10/2025,STAPLES #7259 PICKERING ON,-82.30
17/10/2025,PRET A MANGER #3063 OAKVILLE ON,-13.91
18/10/2025,PRESTO,-10.86
19/10/2025,PRET A MANGER #3283 BURLINGTON ON,-8.84
20/10/2025,SECOND CUP #6537 TORONTO ON,-11.53
20/10/2025,AMAZON.CA,-19.03
20/10/2025,PAYMENT - THANK YOU,868.89
21/10/2025,EAST SIDE MARIOS #6968 TORONTO ON,-11.52
21/10/2025,IMPARK,-12.12
22/10/2025,EAST SIDE MARIOS #2753 HAMILTON ON,-5.56
22/10/2025,SECOND CUP #5601 MILTON ON,-15.33
22/10/2025,THE KEG #8292 MARKHAM ON,-15.19
22/10/2025,NOTION LABS,-11.30
23/10/2025,GREEN P PARKING,-36.59
23/10/2025,PRESTO,-22.65
24/10/2025,SWISS CHALET #9306 BRAMPTON ON,-11.72
25/10/2025,SECOND CUP #9122 OAKVILLE ON,-4.69
28/10/2025,MOXIES #4643 MARKHAM ON,-16.92
28/10/2025,GREEN P PARKING,-21.24
29/10/2025,SWISS CHALET #3231 TORONTO ON,-13.79
29/10/2025,UBER *TRIP,-35.01
31/10/2025,PRESTO,-10.73
03/11/2025,TIM HORTONS #2821 PICKERING ON,-14.79
03/11/2025,CANVA,-19.21
03/11/2025,GREEN P PARKING,-32.54
05/11/2025,TIM HORTONS #2392 MILTON ON,-17.67
06/11/2025,STAPLES #2040 MARKHAM ON,-27.59
06/11/2025,PRESTO,-27.42
07/11/2025,THE KEG #5322 BRAMPTON ON,-16.33
08/11/2025,UBER *TRIP,-18.66
09/11/2025,ZOOM.US,-22.59
10/11/2025,MOXIES #378 PICKERING ON,-10.21
11/11/2025,SWISS CHALET #7319 MILTON ON,-11.33
11/11/2025,STAPLES #2065 AJAX ON,-50.47
12/11/2025,UBER *TRIP,-42.84
13/11/2025,BOSTON PIZZA #6929 HAMILTON ON,-8.05
14/11/2025,A&W #8094 OAKVILLE ON,-10.20
14/11/2025,HARVEYS #3313 SCARBOROUGH ON,-17.25
14/11/2025,DROPBOX,-16.95
15/11/2025,PRET A MANGER #2116 TORONTO ON,-12.50
16/11/2025,AMAZON.CA,-59.19
17/11/2025,PRET A MANGER #3794 HAMILTON ON,-17.68
18/11/2025,STAPLES #2978 AJAX ON,-37.45
19/11/2025,EAST SIDE MARIOS #4447 MARKHAM ON,-5.72
19/11/2025,PRESTO,-27.00
20/11/2025,PAYMENT - THANK YOU,779.18
22/11/2025,NOTION LABS,-11.30
22/11/2025,UBER *TRIP,-21.93
23/11/2025,THE KEG #2053 MILTON ON,-17.22
23/11/2025,PUROLATOR,-44.07
25/11/2025,PANERA BREAD #7751 OAKVILLE ON,-18.28
26/11/2025,UBER *TRIP,-12.08
26/11/2025,PRESTO,-17.56
26/11/2025,PRESTO,-33.84
28/11/2025,IMPARK,-42.36
29/11/2025,IMPARK,-30.66
30/11/2025,STAPLES #483 HAMILTON ON,-42.91
01/12/2025,AMAZON.CA,-26.15
03/12/2025,SUBWAY #5523 BURLINGTON ON,-16.85
03/12/2025,CANVA,-19.21
03/12/2025,PRESTO,-11.20
03/12/2025,PUROLATOR,-40.38
04/12/2025,SECOND CUP #5444 SCARBOROUGH ON,-10.81
04/12/2025,GREEN P PARKING,-19.76
05/12/2025,PRESTO,-7.01
06/12/2025,UBER *TRIP,-14.30
09/12/2025,ZOOM.US,-22.59
09/12/2025,STAPLES #7891 BRAMPTON ON,-29.92
09/12/2025,PRESTO,-34.50
10/12/2025,STAPLES #580 MISSISSAUGA ON,-9.63
13/12/2025,THE KEG #2277 BURLINGTON ON,-11.18
13/12/2025,PRESTO,-29.99
14/12/2025,BOSTON PIZZA #3878 MISSISSAUGA ON,-18.51
14/12/2025,DROPBOX,-16.95
15/12/2025,A&W #6876 BURLINGTON ON,-7.87
16/12/2025,BOSTON PIZZA #3611 VAUGHAN ON,-6.09
16/12/2025,IMPARK,-43.64
16/12/2025,UBER *TRIP,-8.62
16/12/2025,PRESTO,-16.74
16/12/2025,CANADA POST,-41.34
17/12/2025,PANERA BREAD #2104 MARKHAM ON,-13.82
18/12/2025,PANERA BREAD #5555 SCARBOROUGH ON,-14.10
18/12/2025,PRESTO,-30.02
20/12/2025,PANERA BREAD #6581 TORONTO ON,-15.81
20/12/2025,PRESTO,-16.22
22/12/2025,NOTION LABS,-11.30
22/12/2025,GREEN P PARKING,-12.51
22/12/2025,PAYMENT - THANK YOU,815.85
23/12/2025,SECOND CUP #1442 VAUGHAN ON,-15.85
23/12/2025,PRESTO,-29.52
25/12/2025,EAST SIDE MARIOS #5740 HAMILTON ON,-5.18
25/12/2025,STAPLES #5777 BRAMPTON ON,-59.91
26/12/2025,STAPLES #3776 BURLINGTON ON,-84.99
26/12/2025,IMPARK,-13.18
28/12/2025,SECOND CUP #3724 BURLINGTON ON,-16.45
28/12/2025,UBER *TRIP,-41.20
28/12/2025,UBER *TRIP,-12.83
