[Eglinton Retail Ltd. (Test)|0|0|00000000-0000-0000-0000-000000000000],"Current Year","Last Year",""
GFGBA.Ttwgba64,"144945","",""
GFGBA.Ttwgba65,"60468","",""
GFGBA.Ttwgba87,"51500","",""
GFBGII[1].GFGIJ.Ttwgij68,"867724","",""
GFBGII[1].GFGIJ.Ttwgij121,"-1299","",""
GFBGII[1].GFGIK.Ttwgik47,"42000","",""
GFBGII[1].GFGIK.Ttwgik52,"386359","",""
GFBGII[1].GFGIK.Ttwgik92,"-51500","",""
GFBGII[1].GFGIL.Ttwgil120,"90934","",""
GFBGII[1].GFGIL.Ttwgil138,"4620","",""
GFBGII[1].GFGIL.Ttwgil146,"479","",""
GFBGII[1].GFGIL.Ttwgil147,"27650","",""
GFBGII[1].GFGIL.Ttwgil169,"5400","",""
GFBGII[1].GFGIL.Ttwgil217,"10423","",""
GFBGII[1].GFGIL.Ttwgil393,"5177","",""
GFBGII[1].GFGIL.Ttwgil237,"1253","",""
GFBGII[1].GFGIL.Ttwgil244,"86671","",""
