01/01/2025,PRE-AUTH DEBIT CLINIC RENT SHARE TEST,4200.00,
10/01/2025,PAYROLL DEPOSIT LEAH FORTIN TEST,1608.36,
14/01/2025,EFT DEPOSIT MOH OHIP PAYMENT TEST,,31240.50
15/01/2025,PRE-AUTH DEBIT CRA PAYROLL DEDUCTIONS,1423.92,
20/01/2025,PAYMENT TO CARD AURORA CARD TEST 7714,1861.83,
24/01/2025,PAYROLL DEPOSIT LEAH FORTIN TEST,1608.36,
28/01/2025,MONTHLY ACCOUNT FEE,12.95,
30/01/2025,PRE-AUTH DEBIT CMPA DUES TEST,6400.00,
03/02/2025,PRE-AUTH DEBIT CLINIC RENT SHARE TEST,4200.00,
07/02/2025,PAYROLL DEPOSIT LEAH FORTIN TEST,1608.36,
14/02/2025,EFT DEPOSIT MOH OHIP PAYMENT TEST,,27915.80
17/02/2025,PRE-AUTH DEBIT CRA PAYROLL DEDUCTIONS,1421.84,
20/02/2025,PAYMENT TO CARD AURORA CARD TEST 7714,593.09,
21/02/2025,PAYROLL DEPOSIT LEAH FORTIN TEST,1608.36,
28/02/2025,MONTHLY ACCOUNT FEE,12.95,
03/03/2025,PRE-AUTH DEBIT CLINIC RENT SHARE TEST,4200.00,
03/03/2025,ONLINE BILL PAYMENT ARBOUR BOOKKEEPING TEST,1500.00,
07/03/2025,PAYROLL DEPOSIT LEAH FORTIN TEST,1608.36,
14/03/2025,EFT DEPOSIT MOH OHIP PAYMENT TEST,,32410.25
17/03/2025,PRE-AUTH DEBIT CRA PAYROLL DEDUCTIONS,1421.84,
20/03/2025,PAYMENT TO CARD AURORA CARD TEST 7714,737.56,
21/03/2025,EFT DEPOSIT NORTHGATE LIFE INSURANCE TEST,,650.00
21/03/2025,PAYROLL DEPOSIT LEAH FORTIN TEST,1608.36,
28/03/2025,MONTHLY ACCOUNT FEE,12.95,
01/04/2025,PRE-AUTH DEBIT CLINIC RENT SHARE TEST,4200.00,
04/04/2025,PAYROLL DEPOSIT LEAH FORTIN TEST,1608.36,
14/04/2025,EFT DEPOSIT MOH OHIP PAYMENT TEST,,30880.60
15/04/2025,PRE-AUTH DEBIT CRA PAYROLL DEDUCTIONS,1421.84,
15/04/2025,ONLINE BILL PAYMENT COLLEGE OF PHYSICIANS FEES TEST,1750.00,
18/04/2025,PAYROLL DEPOSIT LEAH FORTIN TEST,1608.36,
21/04/2025,PAYMENT TO CARD AURORA CARD TEST 7714,739.94,
28/04/2025,MONTHLY ACCOUNT FEE,12.95,
01/05/2025,PRE-AUTH DEBIT CLINIC RENT SHARE TEST,4200.00,
02/05/2025,PAYROLL DEPOSIT LEAH FORTIN TEST,1608.36,
14/05/2025,EFT DEPOSIT MOH OHIP PAYMENT TEST,,33105.40
15/05/2025,PRE-AUTH DEBIT CRA PAYROLL DEDUCTIONS,1421.84,
16/05/2025,PAYROLL DEPOSIT LEAH FORTIN TEST,1608.36,
20/05/2025,PAYMENT TO CARD AURORA CARD TEST 7714,795.47,
28/05/2025,MONTHLY ACCOUNT FEE,12.95,
30/05/2025,PAYROLL DEPOSIT LEAH FORTIN TEST,1608.36,
02/06/2025,PRE-AUTH DEBIT CLINIC RENT SHARE TEST,4200.00,
11/06/2025,EFT DEPOSIT BRANTLEY AND COLE LLP TEST,,2400.00
13/06/2025,PAYROLL DEPOSIT LEAH FORTIN TEST,1608.36,
14/06/2025,EFT DEPOSIT MOH OHIP PAYMENT TEST,,30579.75
16/06/2025,PRE-AUTH DEBIT CRA PAYROLL DEDUCTIONS,2132.76,
20/06/2025,PAYMENT TO CARD AURORA CARD TEST 7714,7852.83,
27/06/2025,PAYROLL DEPOSIT LEAH FORTIN TEST,1608.36,
30/06/2025,MONTHLY ACCOUNT FEE,12.95,
01/07/2025,PRE-AUTH DEBIT CLINIC RENT SHARE TEST,4200.00,
11/07/2025,PAYROLL DEPOSIT LEAH FORTIN TEST,1608.36,
14/07/2025,EFT DEPOSIT MOH OHIP PAYMENT TEST,,32945.70
15/07/2025,PRE-AUTH DEBIT CRA PAYROLL DEDUCTIONS,1421.84,
21/07/2025,PAYMENT TO CARD AURORA CARD TEST 7714,875.43,
25/07/2025,PAYROLL DEPOSIT LEAH FORTIN TEST,1608.36,
28/07/2025,MONTHLY ACCOUNT FEE,12.95,
01/08/2025,PRE-AUTH DEBIT CLINIC RENT SHARE TEST,4200.00,
08/08/2025,PAYROLL DEPOSIT LEAH FORTIN TEST,1608.36,
14/08/2025,EFT DEPOSIT MOH OHIP PAYMENT TEST,,29830.35
15/08/2025,PRE-AUTH DEBIT CRA PAYROLL DEDUCTIONS,1421.84,
20/08/2025,PAYMENT TO CARD AURORA CARD TEST 7714,859.72,
22/08/2025,PAYROLL DEPOSIT LEAH FORTIN TEST,1608.36,
28/08/2025,MONTHLY ACCOUNT FEE,12.95,
01/09/2025,PRE-AUTH DEBIT CLINIC RENT SHARE TEST,4200.00,
05/09/2025,PAYROLL DEPOSIT LEAH FORTIN TEST,1608.36,
14/09/2025,EFT DEPOSIT MOH OHIP PAYMENT TEST,,28415.90
15/09/2025,PRE-AUTH DEBIT CRA PAYROLL DEDUCTIONS,1421.84,
17/09/2025,EFT DEPOSIT BRANTLEY AND COLE LLP TEST,,1850.00
19/09/2025,PAYROLL DEPOSIT LEAH FORTIN TEST,1608.36,
22/09/2025,PAYMENT TO CARD AURORA CARD TEST 7714,714.68,
29/09/2025,MONTHLY ACCOUNT FEE,12.95,
01/10/2025,PRE-AUTH DEBIT CLINIC RENT SHARE TEST,4200.00,
03/10/2025,PAYROLL DEPOSIT LEAH FORTIN TEST,1608.36,
14/10/2025,EFT DEPOSIT MOH OHIP PAYMENT TEST,,30807.85
15/10/2025,PRE-AUTH DEBIT CRA PAYROLL DEDUCTIONS,1421.84,
17/10/2025,PAYROLL DEPOSIT LEAH FORTIN TEST,1608.36,
20/10/2025,PAYMENT TO CARD AURORA CARD TEST 7714,803.76,
28/10/2025,MONTHLY ACCOUNT FEE,12.95,
31/10/2025,PAYROLL DEPOSIT LEAH FORTIN TEST,1608.36,
03/11/2025,PRE-AUTH DEBIT CLINIC RENT SHARE TEST,4200.00,
14/11/2025,EFT DEPOSIT MOH OHIP PAYMENT TEST,,32670.80
14/11/2025,PAYROLL DEPOSIT LEAH FORTIN TEST,1608.36,
17/11/2025,PRE-AUTH DEBIT CRA PAYROLL DEDUCTIONS,2132.76,
20/11/2025,PAYMENT TO CARD AURORA CARD TEST 7714,706.83,
26/11/2025,EFT DEPOSIT NORTHGATE LIFE INSURANCE TEST,,480.00
28/11/2025,PAYROLL DEPOSIT LEAH FORTIN TEST,1608.36,
28/11/2025,MONTHLY ACCOUNT FEE,12.95,
01/12/2025,PRE-AUTH DEBIT CLINIC RENT SHARE TEST,4200.00,
12/12/2025,PAYROLL DEPOSIT LEAH FORTIN TEST,1608.36,
14/12/2025,EFT DEPOSIT MOH OHIP PAYMENT TEST,,33892.80
15/12/2025,PRE-AUTH DEBIT CRA PAYROLL DEDUCTIONS,1421.84,
22/12/2025,PAYMENT TO CARD AURORA CARD TEST 7714,907.72,
26/12/2025,PAYROLL DEPOSIT LEAH FORTIN TEST,1608.36,
29/12/2025,MONTHLY ACCOUNT FEE,12.95,
