Transaction Date,Posting Date,Description,Amount
2025-01-04,2025-01-06,AMAZON WEB SERVICES,321.04
2025-01-06,2025-01-08,UBER *TRIP,19.03
2025-01-07,2025-01-08,GREEN P PARKING,36.46
2025-01-07,2025-01-08,UBER *TRIP,29.77
2025-01-09,2025-01-09,GITHUB,45.20
2025-01-11,2025-01-13,ZOOM.US,22.59
2025-01-15,2025-01-15,GREEN P PARKING,37.88
2025-01-16,2025-01-20,STAPLES #5576 NORTH YORK ON,63.00
2025-01-19,2025-01-20,SLACK,16.95
2025-01-20,2025-01-20,PAYMENT - THANK YOU,-1121.79
2025-01-31,2025-01-31,STAPLES #6878 OAKVILLE ON,51.60
2025-02-01,2025-02-03,UBER *TRIP,24.88
2025-02-04,2025-02-05,AMAZON WEB SERVICES,347.27
2025-02-09,2025-02-10,GITHUB,45.20
2025-02-10,2025-02-12,STAPLES #7170 SCARBOROUGH ON,60.16
2025-02-11,2025-02-11,ZOOM.US,22.59
2025-02-13,2025-02-13,IMPARK,38.48
2025-02-15,2025-02-17,AMAZON.CA,11.14
2025-02-15,2025-02-17,UBER *TRIP,31.12
2025-02-19,2025-02-21,SLACK,16.95
2025-02-20,2025-02-24,STAPLES #7731 PICKERING ON,62.94
2025-02-20,2025-02-20,PAYMENT - THANK YOU,-643.52
2025-02-24,2025-02-25,STAPLES #4117 OAKVILLE ON,38.65
2025-03-01,2025-03-03,GREEN P PARKING,15.25
2025-03-04,2025-03-06,AMAZON WEB SERVICES,318.28
2025-03-09,2025-03-11,GITHUB,45.20
2025-03-10,2025-03-12,STAPLES #5790 MARKHAM ON,18.83
2025-03-11,2025-03-12,ZOOM.US,22.59
2025-03-12,2025-03-13,AMAZON.CA,53.38
2025-03-12,2025-03-14,IMPARK,31.87
2025-03-17,2025-03-18,AMAZON.CA,78.55
2025-03-18,2025-03-18,BEST BUY #0221 TORONTO ON,3275.87
2025-03-19,2025-03-21,SLACK,16.95
2025-03-20,2025-03-20,PAYMENT - THANK YOU,-699.38
2025-03-21,2025-03-24,STAPLES #1495 MARKHAM ON,75.15
2025-03-27,2025-03-27,UBER *TRIP,28.16
2025-04-01,2025-04-02,IMPARK,33.40
2025-04-04,2025-04-07,AMAZON WEB SERVICES,321.11
2025-04-05,2025-04-07,UBER *TRIP,34.74
2025-04-09,2025-04-11,GITHUB,45.20
2025-04-11,2025-04-14,ZOOM.US,22.59
2025-04-14,2025-04-15,STAPLES #1357 BURLINGTON ON,20.45
2025-04-19,2025-04-21,SLACK,16.95
2025-04-21,2025-04-21,PAYMENT - THANK YOU,-3980.08
2025-04-23,2025-04-25,STAPLES #2712 MARKHAM ON,46.32
2025-04-28,2025-04-29,AMAZON.CA,12.34
2025-05-04,2025-05-05,AMAZON WEB SERVICES,341.29
2025-05-08,2025-05-09,GREEN P PARKING,33.31
2025-05-09,2025-05-12,GITHUB,45.20
2025-05-10,2025-05-12,AMAZON.CA,39.08
2025-05-11,2025-05-12,ZOOM.US,22.59
2025-05-12,2025-05-14,IMPARK,20.38
2025-05-15,2025-05-15,UBER *TRIP,33.00
2025-05-17,2025-05-19,STAPLES #1430 OAKVILLE ON,47.80
2025-05-19,2025-05-21,SLACK,16.95
2025-05-20,2025-05-22,STAPLES #9188 AJAX ON,60.34
2025-05-20,2025-05-20,PAYMENT - THANK YOU,-553.10
2025-05-26,2025-05-27,AMAZON.CA,58.00
2025-06-02,2025-06-04,STAPLES #8901 NORTH YORK ON,107.21
2025-06-04,2025-06-04,AMAZON WEB SERVICES,335.37
2025-06-04,2025-06-04,GREEN P PARKING,27.20
2025-06-05,2025-06-06,AMAZON.CA,30.46
2025-06-08,2025-06-10,GREEN P PARKING,21.52
2025-06-09,2025-06-09,GITHUB,45.20
2025-06-09,2025-06-11,AMAZON.CA,24.90
2025-06-11,2025-06-13,ZOOM.US,22.59
2025-06-19,2025-06-23,SLACK,16.95
2025-06-20,2025-06-20,PAYMENT - THANK YOU,-717.94
2025-06-24,2025-06-25,UBER *TRIP,27.91
2025-06-28,2025-06-30,AMAZON.CA,47.09
2025-07-04,2025-07-07,AMAZON WEB SERVICES,341.49
2025-07-06,2025-07-07,AMAZON.CA,39.30
2025-07-09,2025-07-09,GITHUB,45.20
2025-07-11,2025-07-14,ZOOM.US,22.59
2025-07-11,2025-07-14,GREEN P PARKING,29.50
2025-07-16,2025-07-18,STAPLES #1463 TORONTO ON,83.08
2025-07-19,2025-07-21,SLACK,16.95
2025-07-21,2025-07-21,PAYMENT - THANK YOU,-706.40
2025-07-26,2025-07-28,IMPARK,28.20
2025-07-29,2025-07-31,STAPLES #9758 ETOBICOKE ON,77.34
2025-07-29,2025-07-31,UBER *TRIP,14.57
2025-08-02,2025-08-04,IMPARK,39.77
2025-08-04,2025-08-04,AMAZON WEB SERVICES,312.99
2025-08-08,2025-08-11,AMAZON.CA,20.36
2025-08-09,2025-08-11,GITHUB,45.20
2025-08-11,2025-08-11,ZOOM.US,22.59
2025-08-14,2025-08-14,AMAZON.CA,83.68
2025-08-19,2025-08-21,SLACK,16.95
2025-08-20,2025-08-20,PAYMENT - THANK YOU,-698.22
2025-08-21,2025-08-21,UBER *TRIP,8.16
2025-08-27,2025-08-28,AMAZON.CA,41.92
2025-08-28,2025-08-28,UBER *TRIP,35.81
2025-08-29,2025-08-29,AMAZON.CA,62.32
2025-08-31,2025-08-31,IMPARK,34.01
2025-09-04,2025-09-08,AMAZON WEB SERVICES,327.97
2025-09-08,2025-09-10,IMPARK,25.53
2025-09-09,2025-09-09,GITHUB,45.20
2025-09-11,2025-09-11,ZOOM.US,22.59
2025-09-11,2025-09-15,AMAZON.CA,98.09
2025-09-15,2025-09-16,UBER *TRIP,36.34
2025-09-19,2025-09-22,SLACK,16.95
2025-09-21,2025-09-23,STAPLES #3379 BURLINGTON ON,15.60
2025-09-22,2025-09-22,PAYMENT - THANK YOU,-723.76
2025-10-04,2025-10-06,AMAZON WEB SERVICES,311.46
2025-10-04,2025-10-06,STAPLES #6275 ETOBICOKE ON,42.99
2025-10-09,2025-10-13,GITHUB,45.20
2025-10-09,2025-10-10,UBER *TRIP,23.01
2025-10-09,2025-10-09,IMPARK,10.73
2025-10-11,2025-10-13,ZOOM.US,22.59
2025-10-13,2025-10-15,AMAZON.CA,19.19
2025-10-17,2025-10-20,STAPLES #1299 OAKVILLE ON,14.27
2025-10-18,2025-10-20,STAPLES #9979 OAKVILLE ON,30.83
2025-10-19,2025-10-20,SLACK,16.95
2025-10-20,2025-10-20,PAYMENT - THANK YOU,-588.27
2025-11-01,2025-11-03,STAPLES #8032 MISSISSAUGA ON,21.27
2025-11-01,2025-11-03,AMAZON.CA,39.09
2025-11-04,2025-11-06,AMAZON WEB SERVICES,323.31
2025-11-06,2025-11-06,UBER *TRIP,10.65
2025-11-09,2025-11-11,GITHUB,45.20
2025-11-09,2025-11-10,AMAZON.CA,28.61
2025-11-11,2025-11-11,ZOOM.US,22.59
2025-11-16,2025-11-17,GREEN P PARKING,30.05
2025-11-19,2025-11-19,SLACK,16.95
2025-11-20,2025-11-20,PAYMENT - THANK YOU,-537.22
2025-12-04,2025-12-04,AMAZON WEB SERVICES,329.27
2025-12-09,2025-12-09,GITHUB,45.20
2025-12-11,2025-12-12,ZOOM.US,22.59
2025-12-15,2025-12-17,UBER *TRIP,9.88
2025-12-19,2025-12-22,SLACK,16.95
2025-12-22,2025-12-22,PAYMENT - THANK YOU,-537.72
2025-12-23,2025-12-23,AMAZON.CA,44.60
2025-12-24,2025-12-25,GREEN P PARKING,18.11
2025-12-30,2025-12-30,AMAZON.CA,79.67
