02/01/2025,POS PURCHASE FARM BOY #9721 TORONTO ON,142.38,
02/01/2025,POS PURCHASE NO FRILLS #1581 VAUGHAN ON,179.53,
03/01/2025,CASH DEPOSIT BRANCH DEPOSIT,,403.96
03/01/2025,E-TRANSFER SENT AMARA OKORO TEST,596.28,
03/01/2025,E-TRANSFER SENT CARLOS FERREIRA TEST,2000.00,
06/01/2025,E-TRANSFER RECEIVED PAPE AVENUE MEDICAL CLINIC TEST,,4407.00
06/01/2025,E-TRANSFER RECEIVED COXWELL ACCOUNTING TEST LTD,,1977.50
06/01/2025,E-TRANSFER RECEIVED CHESTER HILL CHURCH OFFICE TEST,,1638.50
06/01/2025,E-TRANSFER RECEIVED CARLAW PRINT SHOP TEST INC,,2599.00
06/01/2025,E-TRANSFER RECEIVED JONES AVENUE VET CLINIC TEST,,3107.50
06/01/2025,ONLINE BILL PAYMENT CLEANCO SUPPLY TEST LTD,451.07,
06/01/2025,PRE-AUTH DEBIT NORTHSHORE MUTUAL INSURANCE TEST,265.00,
06/01/2025,PRE-AUTH DEBIT NORTHSHORE MUTUAL INSURANCE TEST AUTO,415.00,
07/01/2025,E-TRANSFER RECEIVED BROADVIEW LAW OFFICE TEST,,2090.50
07/01/2025,E-TRANSFER RECEIVED WITHROW FITNESS TEST LTD,,3333.50
07/01/2025,ONLINE BILL PAYMENT CLEANCO SUPPLY TEST LTD,842.62,
08/01/2025,E-TRANSFER RECEIVED LOGAN AVENUE BAKERY TEST,,1751.50
06/12/2024,E-TRANSFER RECEIVED PAPE AVENUE MEDICAL CLINIC TEST,,4407.00
09/01/2025,E-TRANSFER RECEIVED DANFORTH DENTAL GROUP TEST INC,,3842.00
09/01/2025,E-TRANSFER RECEIVED PLAYTER PHYSIO TEST INC,,2373.00
09/01/2025,PRE-AUTH DEBIT TELUS MOBILITY FAMILY PLAN,187.65,
10/01/2025,E-TRANSFER RECEIVED GREEKTOWN REALTY TEST LTD,,2994.50
10/01/2025,E-TRANSFER RECEIVED RIVERSIDE YOGA STUDIO TEST INC,,1582.00
10/01/2025,CASH DEPOSIT BRANCH DEPOSIT,,459.39
10/01/2025,E-TRANSFER SENT MARIBEL CRUZ TEST,298.89,
10/01/2025,E-TRANSFER SENT DMITRI VOLKOV TEST,637.11,
10/01/2025,E-TRANSFER SENT AMARA OKORO TEST,672.31,
10/01/2025,PRE-AUTH DEBIT ROGERS,98.00,
09/12/2024,CASH DEPOSIT BRANCH DEPOSIT,,615.00
13/01/2025,POS PURCHASE WALMART SUPERCENTRE #3725 BRAMPTON ON,72.65,
13/01/2025,ONLINE BILL PAYMENT CLEANCO SUPPLY TEST LTD,735.09,
13/12/2024,POS PURCHASE COSTCO WHOLESALE #0281 SCARBOROUGH ON,216.84,
15/01/2025,ONLINE BILL PAYMENT CLEANCO SUPPLY TEST LTD,767.03,
16/12/2024,PRE-AUTH DEBIT ROGERS,98.00,
17/01/2025,CASH DEPOSIT BRANCH DEPOSIT,,825.35
17/01/2025,E-TRANSFER SENT MARIBEL CRUZ TEST,349.43,
17/01/2025,E-TRANSFER SENT DMITRI VOLKOV TEST,427.40,
17/01/2025,E-TRANSFER SENT CARLOS FERREIRA TEST,2000.00,
18/12/2024,E-TRANSFER RECEIVED DANFORTH DENTAL GROUP TEST INC,,3842.00
20/01/2025,PRE-AUTH DEBIT INTUIT *QUICKBOOKS,35.00,
20/01/2025,PAYMENT TO CARD AURORA CARD TEST 8815,1087.10,
20/12/2024,E-TRANSFER SENT CARLOS FERREIRA TEST,2000.00,
23/01/2025,POS PURCHASE COSTCO WHOLESALE #8417 HAMILTON ON,171.01,
23/12/2024,ONLINE BILL PAYMENT CLEANCO SUPPLY TEST LTD,589.15,
24/01/2025,CASH DEPOSIT BRANCH DEPOSIT,,862.59
24/01/2025,E-TRANSFER SENT MARIBEL CRUZ TEST,568.53,
24/01/2025,E-TRANSFER SENT AMARA OKORO TEST,530.64,
27/12/2024,PRE-AUTH DEBIT NORTHSHORE MUTUAL INSURANCE TEST,265.00,
27/01/2025,POS PURCHASE FRESHCO #3694 VAUGHAN ON,50.12,
27/01/2025,POS PURCHASE COSTCO WHOLESALE #6769 SCARBOROUGH ON,77.48,
28/01/2025,MONTHLY ACCOUNT FEE,24.95,
29/01/2025,POS PURCHASE COSTCO WHOLESALE #7583 MILTON ON,130.18,
30/01/2025,POS PURCHASE COSTCO WHOLESALE #9257 NORTH YORK ON,127.61,
30/01/2025,POS PURCHASE HOME DEPOT #9022 BRAMPTON ON,197.30,
31/01/2025,CASH DEPOSIT BRANCH DEPOSIT,,463.18
31/01/2025,E-TRANSFER SENT MARIBEL CRUZ TEST,437.88,
31/01/2025,E-TRANSFER SENT DMITRI VOLKOV TEST,608.28,
31/01/2025,E-TRANSFER SENT AMARA OKORO TEST,340.63,
31/01/2025,E-TRANSFER SENT CARLOS FERREIRA TEST,2000.00,
31/01/2025,CRA GST/HST PAYMENT,3120.40,
03/02/2025,POS PURCHASE LOBLAWS #746 MARKHAM ON,158.89,
03/02/2025,POS PURCHASE DOLLARAMA #7326 AJAX ON,228.77,
04/02/2025,PRE-AUTH DEBIT NORTHSHORE MUTUAL INSURANCE TEST,265.00,
05/02/2025,ONLINE BILL PAYMENT CLEANCO SUPPLY TEST LTD,849.74,
06/02/2025,E-TRANSFER RECEIVED GREEKTOWN REALTY TEST LTD,,2994.50
06/02/2025,PRE-AUTH DEBIT NORTHSHORE MUTUAL INSURANCE TEST AUTO,415.00,
07/02/2025,CASH DEPOSIT BRANCH DEPOSIT,,583.05
07/02/2025,E-TRANSFER SENT AMARA OKORO TEST,357.18,
10/02/2025,E-TRANSFER RECEIVED DANFORTH DENTAL GROUP TEST INC,,3842.00
10/02/2025,E-TRANSFER RECEIVED PAPE AVENUE MEDICAL CLINIC TEST,,4407.00
10/02/2025,E-TRANSFER RECEIVED BROADVIEW LAW OFFICE TEST,,2090.50
10/02/2025,E-TRANSFER RECEIVED RIVERSIDE YOGA STUDIO TEST INC,,1582.00
10/02/2025,E-TRANSFER RECEIVED LOGAN AVENUE BAKERY TEST,,1751.50
10/02/2025,E-TRANSFER RECEIVED JONES AVENUE VET CLINIC TEST,,3107.50
10/02/2025,PRE-AUTH DEBIT TELUS MOBILITY FAMILY PLAN,187.65,
10/02/2025,PRE-AUTH DEBIT ROGERS,98.00,
11/02/2025,E-TRANSFER RECEIVED COXWELL ACCOUNTING TEST LTD,,1977.50
11/02/2025,E-TRANSFER RECEIVED CARLAW PRINT SHOP TEST INC,,2599.00
12/02/2025,E-TRANSFER RECEIVED PLAYTER PHYSIO TEST INC,,2373.00
12/02/2025,E-TRANSFER RECEIVED WITHROW FITNESS TEST LTD,,3333.50
12/02/2025,E-TRANSFER RECEIVED CHESTER HILL CHURCH OFFICE TEST,,1638.50
12/02/2025,POS PURCHASE LOBLAWS #9600 MILTON ON,94.73,
14/02/2025,CASH DEPOSIT BRANCH DEPOSIT,,727.71
14/02/2025,E-TRANSFER SENT MARIBEL CRUZ TEST,601.75,
14/02/2025,E-TRANSFER SENT DMITRI VOLKOV TEST,604.32,
14/02/2025,E-TRANSFER SENT AMARA OKORO TEST,383.03,
14/02/2025,E-TRANSFER SENT CARLOS FERREIRA TEST,2000.00,
17/02/2025,ONLINE BILL PAYMENT CLEANCO SUPPLY TEST LTD,1142.95,
17/02/2025,ONLINE BILL PAYMENT CLEANCO SUPPLY TEST LTD,892.75,
18/02/2025,CRA GST/HST PENALTY AND INTEREST,286.55,
19/02/2025,POS PURCHASE COSTCO WHOLESALE #5506 NORTH YORK ON,214.27,
20/02/2025,PRE-AUTH DEBIT INTUIT *QUICKBOOKS,35.00,
20/02/2025,PAYMENT TO CARD AURORA CARD TEST 8815,1909.38,
21/02/2025,CASH DEPOSIT BRANCH DEPOSIT,,801.67
21/02/2025,E-TRANSFER SENT MARIBEL CRUZ TEST,389.37,
21/02/2025,E-TRANSFER SENT DMITRI VOLKOV TEST,532.56,
21/02/2025,E-TRANSFER SENT AMARA OKORO TEST,482.23,
21/02/2025,POS PURCHASE WALMART SUPERCENTRE #7194 BURLINGTON ON,121.04,
24/02/2025,POS PURCHASE WALMART SUPERCENTRE #213 BURLINGTON ON,88.57,
25/02/2025,POS PURCHASE HOME DEPOT #7455 OAKVILLE ON,59.24,
28/02/2025,CASH DEPOSIT BRANCH DEPOSIT,,677.31
28/02/2025,E-TRANSFER SENT MARIBEL CRUZ TEST,529.61,
28/02/2025,E-TRANSFER SENT DMITRI VOLKOV TEST,683.79,
28/02/2025,E-TRANSFER SENT AMARA OKORO TEST,630.80,
28/02/2025,E-TRANSFER SENT CARLOS FERREIRA TEST,2000.00,
28/02/2025,ONLINE BILL PAYMENT CLEANCO SUPPLY TEST LTD,468.17,
28/02/2025,MONTHLY ACCOUNT FEE,24.95,
03/03/2025,POS PURCHASE NO FRILLS #7426 BRAMPTON ON,173.18,
03/03/2025,ONLINE BILL PAYMENT CLEANCO SUPPLY TEST LTD,613.12,
04/03/2025,E-TRANSFER RECEIVED DANFORTH DENTAL GROUP TEST INC,,3842.00
04/03/2025,POS PURCHASE FOOD BASICS #5772 MILTON ON,87.14,
04/03/2025,PRE-AUTH DEBIT NORTHSHORE MUTUAL INSURANCE TEST,265.00,
05/03/2025,E-TRANSFER RECEIVED GREEKTOWN REALTY TEST LTD,,2994.50
05/03/2025,E-TRANSFER RECEIVED JONES AVENUE VET CLINIC TEST,,3107.50
06/03/2025,E-TRANSFER RECEIVED BROADVIEW LAW OFFICE TEST,,2090.50
06/03/2025,E-TRANSFER RECEIVED BROADVIEW LAW OFFICE TEST,,2090.50
06/03/2025,E-TRANSFER RECEIVED PLAYTER PHYSIO TEST INC,,2373.00
06/03/2025,E-TRANSFER RECEIVED PLAYTER PHYSIO TEST INC,,2373.00
06/03/2025,PRE-AUTH DEBIT NORTHSHORE MUTUAL INSURANCE TEST AUTO,415.00,
07/03/2025,CASH DEPOSIT BRANCH DEPOSIT,,667.77
07/03/2025,E-TRANSFER SENT MARIBEL CRUZ TEST,513.76,
07/03/2025,E-TRANSFER SENT DMITRI VOLKOV TEST,485.27,
07/03/2025,E-TRANSFER SENT AMARA OKORO TEST,626.52,
10/03/2025,E-TRANSFER RECEIVED WITHROW FITNESS TEST LTD,,3333.50
10/03/2025,E-TRANSFER RECEIVED COXWELL ACCOUNTING TEST LTD,,1977.50
10/03/2025,E-TRANSFER RECEIVED CARLAW PRINT SHOP TEST INC,,2599.00
10/03/2025,PRE-AUTH DEBIT TELUS MOBILITY FAMILY PLAN,187.65,
10/03/2025,PRE-AUTH DEBIT ROGERS,98.00,
11/03/2025,E-TRANSFER RECEIVED PAPE AVENUE MEDICAL CLINIC TEST,,4407.00
11/03/2025,E-TRANSFER RECEIVED RIVERSIDE YOGA STUDIO TEST INC,,1582.00
11/03/2025,E-TRANSFER RECEIVED CHESTER HILL CHURCH OFFICE TEST,,1638.50
12/03/2025,E-TRANSFER RECEIVED LOGAN AVENUE BAKERY TEST,,1751.50
12/03/2025,BANK DRAFT PLAINS AUTO GROUP TEST INC,81360.00,
13/03/2025,ONLINE BILL PAYMENT CLEANCO SUPPLY TEST LTD,233.33,
14/03/2025,CASH DEPOSIT BRANCH DEPOSIT,,608.53
14/03/2025,E-TRANSFER SENT DMITRI VOLKOV TEST,564.27,
14/03/2025,E-TRANSFER SENT AMARA OKORO TEST,681.18,
14/03/2025,E-TRANSFER SENT CARLOS FERREIRA TEST,2000.00,
14/03/2025,POS PURCHASE DOLLARAMA #4058 MISSISSAUGA ON,297.72,
17/03/2025,POS PURCHASE DOLLARAMA #8858 MARKHAM ON,368.56,
17/03/2025,POS PURCHASE DOLLARAMA #6842 HAMILTON ON,103.19,
20/03/2025,PRE-AUTH DEBIT INTUIT *QUICKBOOKS,35.00,
20/03/2025,PAYMENT TO CARD AURORA CARD TEST 8815,1442.01,
21/03/2025,CASH DEPOSIT BRANCH DEPOSIT,,753.77
21/03/2025,E-TRANSFER SENT MARIBEL CRUZ TEST,404.92,
21/03/2025,E-TRANSFER SENT DMITRI VOLKOV TEST,382.51,
21/03/2025,E-TRANSFER SENT AMARA OKORO TEST,539.49,
24/03/2025,POS PURCHASE COSTCO WHOLESALE #5407 PICKERING ON,61.47,
25/03/2025,ONLINE BILL PAYMENT CLEANCO SUPPLY TEST LTD,279.46,
25/03/2025,POS PURCHASE HOME DEPOT #8192 OAKVILLE ON,290.79,
28/03/2025,CASH DEPOSIT BRANCH DEPOSIT,,352.51
28/03/2025,E-TRANSFER SENT MARIBEL CRUZ TEST,405.42,
28/03/2025,E-TRANSFER SENT DMITRI VOLKOV TEST,540.31,
28/03/2025,E-TRANSFER SENT CARLOS FERREIRA TEST,2000.00,
28/03/2025,ONLINE BILL PAYMENT CLEANCO SUPPLY TEST LTD,832.59,
28/03/2025,ONLINE BILL PAYMENT CLEANCO SUPPLY TEST LTD,832.59,
28/03/2025,MONTHLY ACCOUNT FEE,24.95,
31/03/2025,POS PURCHASE METRO #4995 MILTON ON,171.41,
31/03/2025,ONLINE BILL PAYMENT CLEANCO SUPPLY TEST LTD,465.97,
31/03/2025,ONLINE BILL PAYMENT CLEANCO SUPPLY TEST LTD,465.97,
03/04/2025,POS PURCHASE DOLLARAMA #8857 BRAMPTON ON,140.73,
04/04/2025,CASH DEPOSIT BRANCH DEPOSIT,,407.38
04/04/2025,E-TRANSFER SENT MARIBEL CRUZ TEST,642.45,
04/04/2025,E-TRANSFER SENT DMITRI VOLKOV TEST,318.65,
04/04/2025,E-TRANSFER SENT AMARA OKORO TEST,358.32,
04/04/2025,PRE-AUTH DEBIT NORTHSHORE MUTUAL INSURANCE TEST,265.00,
07/04/2025,E-TRANSFER RECEIVED RIVERSIDE YOGA STUDIO TEST INC,,1582.00
07/04/2025,E-TRANSFER RECEIVED PLAYTER PHYSIO TEST INC,,2373.00
07/04/2025,POS PURCHASE NO FRILLS #1462 PICKERING ON,165.68,
07/04/2025,POS PURCHASE FRESHCO #9527 VAUGHAN ON,82.61,
07/04/2025,PRE-AUTH DEBIT NORTHSHORE MUTUAL INSURANCE TEST AUTO,415.00,
08/04/2025,POS PURCHASE HOME DEPOT #2779 MILTON ON,159.29,
09/04/2025,E-TRANSFER RECEIVED WITHROW FITNESS TEST LTD,,3333.50
09/04/2025,E-TRANSFER RECEIVED CARLAW PRINT SHOP TEST INC,,2599.00
09/04/2025,E-TRANSFER RECEIVED JONES AVENUE VET CLINIC TEST,,3107.50
09/04/2025,POS PURCHASE WALMART SUPERCENTRE #8495 NORTH YORK ON,176.00,
09/04/2025,PRE-AUTH DEBIT TELUS MOBILITY FAMILY PLAN,187.65,
10/04/2025,E-TRANSFER RECEIVED GREEKTOWN REALTY TEST LTD,,2994.50
10/04/2025,E-TRANSFER RECEIVED PAPE AVENUE MEDICAL CLINIC TEST,,4407.00
10/04/2025,E-TRANSFER RECEIVED CHESTER HILL CHURCH OFFICE TEST,,1638.50
10/04/2025,POS PURCHASE DOLLARAMA #4367 TORONTO ON,257.93,
10/04/2025,PRE-AUTH DEBIT ROGERS,98.00,
11/04/2025,E-TRANSFER RECEIVED LOGAN AVENUE BAKERY TEST,,1751.50
11/04/2025,CASH DEPOSIT BRANCH DEPOSIT,,433.26
11/04/2025,E-TRANSFER SENT MARIBEL CRUZ TEST,468.84,
11/04/2025,E-TRANSFER SENT DMITRI VOLKOV TEST,415.69,
11/04/2025,E-TRANSFER SENT AMARA OKORO TEST,514.49,
11/04/2025,E-TRANSFER SENT CARLOS FERREIRA TEST,2000.00,
11/04/2025,ONLINE BILL PAYMENT CLEANCO SUPPLY TEST LTD,264.06,
14/04/2025,E-TRANSFER RECEIVED DANFORTH DENTAL GROUP TEST INC,,3842.00
14/04/2025,E-TRANSFER RECEIVED BROADVIEW LAW OFFICE TEST,,2090.50
14/04/2025,E-TRANSFER RECEIVED COXWELL ACCOUNTING TEST LTD,,1977.50
18/04/2025,CASH DEPOSIT BRANCH DEPOSIT,,744.30
18/04/2025,E-TRANSFER SENT MARIBEL CRUZ TEST,535.01,
18/04/2025,E-TRANSFER SENT DMITRI VOLKOV TEST,413.32,
18/04/2025,ONLINE BILL PAYMENT CLEANCO SUPPLY TEST LTD,517.29,
21/04/2025,PRE-AUTH DEBIT INTUIT *QUICKBOOKS,35.00,
21/04/2025,PAYMENT TO CARD AURORA CARD TEST 8815,1615.80,
22/04/2025,ONLINE BILL PAYMENT CLEANCO SUPPLY TEST LTD,468.14,
25/04/2025,CASH DEPOSIT BRANCH DEPOSIT,,874.15
25/04/2025,E-TRANSFER SENT MARIBEL CRUZ TEST,526.81,
25/04/2025,E-TRANSFER SENT DMITRI VOLKOV TEST,593.96,
25/04/2025,E-TRANSFER SENT AMARA OKORO TEST,501.74,
25/04/2025,E-TRANSFER SENT CARLOS FERREIRA TEST,2000.00,
28/04/2025,POS PURCHASE HOME DEPOT #8847 ETOBICOKE ON,246.95,
28/04/2025,MONTHLY ACCOUNT FEE,24.95,
29/04/2025,POS PURCHASE FOOD BASICS #5279 MARKHAM ON,95.25,
30/04/2025,ONLINE BILL PAYMENT CLEANCO SUPPLY TEST LTD,867.64,
30/04/2025,CRA GST/HST PAYMENT,703.41,
02/06/2025,POS PURCHASE WALMART SUPERCENTRE #1514 NORTH YORK ON,135.63,
04/06/2025,E-TRANSFER RECEIVED PAPE AVENUE MEDICAL CLINIC TEST,,4407.00
04/06/2025,E-TRANSFER RECEIVED WITHROW FITNESS TEST LTD,,3333.50
04/06/2025,E-TRANSFER RECEIVED CHESTER HILL CHURCH OFFICE TEST,,1638.50
04/06/2025,POS PURCHASE NO FRILLS #5713 MARKHAM ON,101.44,
04/06/2025,PRE-AUTH DEBIT NORTHSHORE MUTUAL INSURANCE TEST,265.00,
05/06/2025,E-TRANSFER RECEIVED RIVERSIDE YOGA STUDIO TEST INC,,1582.00
05/06/2025,E-TRANSFER RECEIVED PLAYTER PHYSIO TEST INC,,2373.00
05/06/2025,E-TRANSFER RECEIVED COXWELL ACCOUNTING TEST LTD,,1977.50
06/06/2025,E-TRANSFER RECEIVED BROADVIEW LAW OFFICE TEST,,2090.50
06/06/2025,CASH DEPOSIT BRANCH DEPOSIT,,352.65
06/06/2025,E-TRANSFER SENT MARIBEL CRUZ TEST,490.91,
06/06/2025,E-TRANSFER SENT DMITRI VOLKOV TEST,355.67,
06/06/2025,E-TRANSFER SENT AMARA OKORO TEST,529.00,
06/06/2025,E-TRANSFER SENT CARLOS FERREIRA TEST,2000.00,
06/06/2025,PRE-AUTH DEBIT NORTHSHORE MUTUAL INSURANCE TEST AUTO,415.00,
09/06/2025,E-TRANSFER RECEIVED DANFORTH DENTAL GROUP TEST INC,,3842.00
09/06/2025,E-TRANSFER RECEIVED GREEKTOWN REALTY TEST LTD,,2994.50
09/06/2025,E-TRANSFER RECEIVED LOGAN AVENUE BAKERY TEST,,1751.50
09/06/2025,E-TRANSFER RECEIVED CARLAW PRINT SHOP TEST INC,,2599.00
09/06/2025,E-TRANSFER RECEIVED JONES AVENUE VET CLINIC TEST,,3107.50
09/06/2025,POS PURCHASE COSTCO WHOLESALE #1508 MARKHAM ON,188.75,
09/06/2025,PRE-AUTH DEBIT TELUS MOBILITY FAMILY PLAN,187.65,
09/06/2025,ONLINE BILL PAYMENT CLEANCO SUPPLY TEST LTD,1028.05,
10/06/2025,ONLINE BILL PAYMENT CLEANCO SUPPLY TEST LTD,1035.67,
10/06/2025,POS PURCHASE COSTCO WHOLESALE #863 VAUGHAN ON,324.10,
10/06/2025,POS PURCHASE HOME DEPOT #4907 BRAMPTON ON,322.17,
10/06/2025,PRE-AUTH DEBIT ROGERS,98.00,
13/06/2025,CASH DEPOSIT BRANCH DEPOSIT,,353.51
13/06/2025,E-TRANSFER SENT DMITRI VOLKOV TEST,555.61,
13/06/2025,E-TRANSFER SENT AMARA OKORO TEST,598.56,
13/06/2025,ONLINE BILL PAYMENT CLEANCO SUPPLY TEST LTD,1084.48,
16/06/2025,POS PURCHASE SOBEYS #5411 MILTON ON,100.70,
16/06/2025,ONLINE BILL PAYMENT CLEANCO SUPPLY TEST LTD,912.71,
19/06/2025,POS PURCHASE WALMART SUPERCENTRE #5455 SCARBOROUGH ON,163.08,
20/06/2025,CASH DEPOSIT BRANCH DEPOSIT,,453.64
20/06/2025,E-TRANSFER SENT MARIBEL CRUZ TEST,549.65,
20/06/2025,E-TRANSFER SENT DMITRI VOLKOV TEST,612.16,
20/06/2025,E-TRANSFER SENT AMARA OKORO TEST,653.50,
20/06/2025,E-TRANSFER SENT CARLOS FERREIRA TEST,2000.00,
20/06/2025,POS PURCHASE FRESHCO #7542 NORTH YORK ON,69.34,
20/06/2025,PRE-AUTH DEBIT INTUIT *QUICKBOOKS,35.00,
20/06/2025,PAYMENT TO CARD AURORA CARD TEST 8815,1695.31,
24/06/2025,POS PURCHASE COSTCO WHOLESALE #4807 HAMILTON ON,266.04,
27/06/2025,CASH DEPOSIT BRANCH DEPOSIT,,380.60
27/06/2025,E-TRANSFER SENT MARIBEL CRUZ TEST,368.36,
27/06/2025,E-TRANSFER SENT DMITRI VOLKOV TEST,689.35,
27/06/2025,E-TRANSFER SENT AMARA OKORO TEST,293.44,
30/06/2025,ONLINE BILL PAYMENT CLEANCO SUPPLY TEST LTD,276.30,
30/06/2025,POS PURCHASE COSTCO WHOLESALE #1416 NORTH YORK ON,294.10,
30/06/2025,MONTHLY ACCOUNT FEE,24.95,
02/07/2025,ONLINE BILL PAYMENT CLEANCO SUPPLY TEST LTD,809.90,
02/07/2025,POS PURCHASE HOME DEPOT #3961 SCARBOROUGH ON,166.70,
04/07/2025,CASH DEPOSIT BRANCH DEPOSIT,,452.21
04/07/2025,E-TRANSFER SENT MARIBEL CRUZ TEST,513.04,
04/07/2025,E-TRANSFER SENT DMITRI VOLKOV TEST,406.27,
04/07/2025,E-TRANSFER SENT AMARA OKORO TEST,562.45,
04/07/2025,E-TRANSFER SENT CARLOS FERREIRA TEST,2000.00,
04/07/2025,PRE-AUTH DEBIT NORTHSHORE MUTUAL INSURANCE TEST,265.00,
07/07/2025,E-TRANSFER RECEIVED GREEKTOWN REALTY TEST LTD,,2994.50
07/07/2025,E-TRANSFER RECEIVED BROADVIEW LAW OFFICE TEST,,2090.50
07/07/2025,E-TRANSFER RECEIVED RIVERSIDE YOGA STUDIO TEST INC,,1582.00
07/07/2025,E-TRANSFER RECEIVED WITHROW FITNESS TEST LTD,,3333.50
07/07/2025,E-TRANSFER RECEIVED CHESTER HILL CHURCH OFFICE TEST,,1638.50
07/07/2025,E-TRANSFER RECEIVED CARLAW PRINT SHOP TEST INC,,2599.00
07/07/2025,E-TRANSFER RECEIVED JONES AVENUE VET CLINIC TEST,,3107.50
07/07/2025,ONLINE BILL PAYMENT LAKEFRONT KIDS CAMP TEST,1450.00,
07/07/2025,POS PURCHASE HOME DEPOT #7720 ETOBICOKE ON,304.94,
07/07/2025,PRE-AUTH DEBIT NORTHSHORE MUTUAL INSURANCE TEST AUTO,415.00,
08/07/2025,E-TRANSFER RECEIVED PAPE AVENUE MEDICAL CLINIC TEST,,4407.00
08/07/2025,E-TRANSFER RECEIVED LOGAN AVENUE BAKERY TEST,,1751.50
08/07/2025,POS PURCHASE COSTCO WHOLESALE #2166 OAKVILLE ON,162.23,
09/07/2025,PRE-AUTH DEBIT TELUS MOBILITY FAMILY PLAN,187.65,
10/07/2025,PRE-AUTH DEBIT ROGERS,98.00,
11/07/2025,E-TRANSFER RECEIVED DANFORTH DENTAL GROUP TEST INC,,3842.00
11/07/2025,CASH DEPOSIT BRANCH DEPOSIT,,821.23
11/07/2025,E-TRANSFER SENT MARIBEL CRUZ TEST,578.93,
11/07/2025,E-TRANSFER SENT DMITRI VOLKOV TEST,294.37,
11/07/2025,E-TRANSFER SENT AMARA OKORO TEST,328.56,
14/07/2025,E-TRANSFER RECEIVED PLAYTER PHYSIO TEST INC,,2373.00
14/07/2025,E-TRANSFER RECEIVED COXWELL ACCOUNTING TEST LTD,,1977.50
14/07/2025,ONLINE BILL PAYMENT CLEANCO SUPPLY TEST LTD,715.09,
14/07/2025,ONLINE BILL PAYMENT CLEANCO SUPPLY TEST LTD,257.26,
15/07/2025,POS PURCHASE METRO #100 NORTH YORK ON,135.69,
17/07/2025,POS PURCHASE FOOD BASICS #1696 VAUGHAN ON,150.04,
18/07/2025,CASH DEPOSIT BRANCH DEPOSIT,,640.03
18/07/2025,E-TRANSFER SENT MARIBEL CRUZ TEST,339.97,
18/07/2025,E-TRANSFER SENT DMITRI VOLKOV TEST,638.25,
18/07/2025,E-TRANSFER SENT AMARA OKORO TEST,543.13,
18/07/2025,E-TRANSFER SENT CARLOS FERREIRA TEST,2000.00,
18/07/2025,POS PURCHASE DOLLARAMA #4879 OAKVILLE ON,60.12,
21/07/2025,PRE-AUTH DEBIT INTUIT *QUICKBOOKS,35.00,
21/07/2025,PAYMENT TO CARD AURORA CARD TEST 8815,1941.90,
24/07/2025,POS PURCHASE FOOD BASICS #4671 BRAMPTON ON,140.36,
25/07/2025,CASH DEPOSIT BRANCH DEPOSIT,,892.32
25/07/2025,E-TRANSFER SENT MARIBEL CRUZ TEST,671.72,
25/07/2025,E-TRANSFER SENT DMITRI VOLKOV TEST,285.69,
25/07/2025,E-TRANSFER SENT AMARA OKORO TEST,660.38,
28/07/2025,POS PURCHASE SOBEYS #1741 OAKVILLE ON,166.86,
28/07/2025,MONTHLY ACCOUNT FEE,24.95,
30/07/2025,POS PURCHASE FOOD BASICS #6113 PICKERING ON,93.82,
31/07/2025,CRA GST/HST PAYMENT,9646.08,
01/08/2025,CASH DEPOSIT BRANCH DEPOSIT,,834.84
01/08/2025,E-TRANSFER SENT MARIBEL CRUZ TEST,641.43,
01/08/2025,E-TRANSFER SENT DMITRI VOLKOV TEST,283.62,
01/08/2025,E-TRANSFER SENT AMARA OKORO TEST,609.95,
01/08/2025,E-TRANSFER SENT CARLOS FERREIRA TEST,2000.00,
01/08/2025,POS PURCHASE COSTCO WHOLESALE #7144 HAMILTON ON,125.92,
04/08/2025,E-TRANSFER RECEIVED BROADVIEW LAW OFFICE TEST,,2090.50
04/08/2025,E-TRANSFER RECEIVED RIVERSIDE YOGA STUDIO TEST INC,,1582.00
04/08/2025,E-TRANSFER RECEIVED PLAYTER PHYSIO TEST INC,,2373.00
04/08/2025,E-TRANSFER RECEIVED LOGAN AVENUE BAKERY TEST,,1751.50
04/08/2025,PRE-AUTH DEBIT NORTHSHORE MUTUAL INSURANCE TEST,265.00,
05/08/2025,E-TRANSFER RECEIVED WITHROW FITNESS TEST LTD,,3333.50
06/08/2025,POS PURCHASE DOLLARAMA #7453 MARKHAM ON,281.62,
06/08/2025,PRE-AUTH DEBIT NORTHSHORE MUTUAL INSURANCE TEST AUTO,415.00,
07/08/2025,E-TRANSFER RECEIVED DANFORTH DENTAL GROUP TEST INC,,3842.00
07/08/2025,E-TRANSFER RECEIVED PAPE AVENUE MEDICAL CLINIC TEST,,4407.00
07/08/2025,E-TRANSFER RECEIVED JONES AVENUE VET CLINIC TEST,,3107.50
07/08/2025,ONLINE BILL PAYMENT CLEANCO SUPPLY TEST LTD,1100.97,
08/08/2025,E-TRANSFER RECEIVED CHESTER HILL CHURCH OFFICE TEST,,1638.50
08/08/2025,CASH DEPOSIT BRANCH DEPOSIT,,539.15
08/08/2025,E-TRANSFER SENT MARIBEL CRUZ TEST,388.39,
08/08/2025,E-TRANSFER SENT DMITRI VOLKOV TEST,675.40,
08/08/2025,E-TRANSFER SENT AMARA OKORO TEST,588.54,
11/08/2025,E-TRANSFER RECEIVED GREEKTOWN REALTY TEST LTD,,2994.50
11/08/2025,E-TRANSFER RECEIVED COXWELL ACCOUNTING TEST LTD,,1977.50
11/08/2025,E-TRANSFER RECEIVED CARLAW PRINT SHOP TEST INC,,2599.00
11/08/2025,PRE-AUTH DEBIT TELUS MOBILITY FAMILY PLAN,187.65,
11/08/2025,POS PURCHASE HOME DEPOT #6651 MARKHAM ON,355.50,
11/08/2025,POS PURCHASE COSTCO WHOLESALE #2026 PICKERING ON,100.98,
11/08/2025,PRE-AUTH DEBIT ROGERS,98.00,
12/08/2025,POS PURCHASE NO FRILLS #2185 BURLINGTON ON,51.61,
15/08/2025,CASH DEPOSIT BRANCH DEPOSIT,,582.66
15/08/2025,E-TRANSFER SENT MARIBEL CRUZ TEST,296.11,
15/08/2025,E-TRANSFER SENT DMITRI VOLKOV TEST,328.17,
15/08/2025,E-TRANSFER SENT AMARA OKORO TEST,529.67,
15/08/2025,E-TRANSFER SENT CARLOS FERREIRA TEST,2000.00,
18/08/2025,POS PURCHASE DOLLARAMA #2985 HAMILTON ON,180.75,
20/08/2025,POS PURCHASE NO FRILLS #9807 MISSISSAUGA ON,132.45,
20/08/2025,PRE-AUTH DEBIT INTUIT *QUICKBOOKS,35.00,
20/08/2025,PAYMENT TO CARD AURORA CARD TEST 8815,2363.09,
22/08/2025,CASH DEPOSIT BRANCH DEPOSIT,,795.50
22/08/2025,E-TRANSFER SENT MARIBEL CRUZ TEST,518.19,
22/08/2025,E-TRANSFER SENT DMITRI VOLKOV TEST,290.18,
22/08/2025,E-TRANSFER SENT AMARA OKORO TEST,287.36,
22/08/2025,POS PURCHASE SOBEYS #8649 MISSISSAUGA ON,157.13,
25/08/2025,POS PURCHASE COSTCO WHOLESALE #2912 NORTH YORK ON,142.65,
25/08/2025,ONLINE BILL PAYMENT CLEANCO SUPPLY TEST LTD,962.29,
27/08/2025,ONLINE BILL PAYMENT CLEANCO SUPPLY TEST LTD,388.82,
28/08/2025,ONLINE BILL PAYMENT CLEANCO SUPPLY TEST LTD,1059.93,
28/08/2025,MONTHLY ACCOUNT FEE,24.95,
29/08/2025,CASH DEPOSIT BRANCH DEPOSIT,,665.07
29/08/2025,E-TRANSFER SENT MARIBEL CRUZ TEST,554.21,
29/08/2025,E-TRANSFER SENT CARLOS FERREIRA TEST,2000.00,
29/08/2025,POS PURCHASE COSTCO WHOLESALE #1629 MARKHAM ON,182.08,
03/09/2025,POS PURCHASE COSTCO WHOLESALE #8009 TORONTO ON,147.15,
04/09/2025,PRE-AUTH DEBIT NORTHSHORE MUTUAL INSURANCE TEST,265.00,
05/09/2025,E-TRANSFER RECEIVED JONES AVENUE VET CLINIC TEST,,3107.50
05/09/2025,CASH DEPOSIT BRANCH DEPOSIT,,513.48
05/09/2025,E-TRANSFER SENT MARIBEL CRUZ TEST,431.26,
05/09/2025,E-TRANSFER SENT DMITRI VOLKOV TEST,588.20,
08/09/2025,E-TRANSFER RECEIVED BROADVIEW LAW OFFICE TEST,,2090.50
08/09/2025,POS PURCHASE FOOD BASICS #5180 HAMILTON ON,177.36,
08/09/2025,POS PURCHASE LOBLAWS #8976 TORONTO ON,187.21,
08/09/2025,PRE-AUTH DEBIT NORTHSHORE MUTUAL INSURANCE TEST AUTO,415.00,
09/09/2025,E-TRANSFER RECEIVED PAPE AVENUE MEDICAL CLINIC TEST,,4407.00
09/09/2025,E-TRANSFER RECEIVED RIVERSIDE YOGA STUDIO TEST INC,,1582.00
09/09/2025,E-TRANSFER RECEIVED LOGAN AVENUE BAKERY TEST,,1751.50
09/09/2025,E-TRANSFER RECEIVED CHESTER HILL CHURCH OFFICE TEST,,1638.50
09/09/2025,E-TRANSFER RECEIVED CARLAW PRINT SHOP TEST INC,,2599.00
09/09/2025,POS PURCHASE FARM BOY #7961 PICKERING ON,154.06,
09/09/2025,PRE-AUTH DEBIT TELUS MOBILITY FAMILY PLAN,187.65,
09/09/2025,ONLINE BILL PAYMENT CLEANCO SUPPLY TEST LTD,1028.73,
09/09/2025,POS PURCHASE COSTCO WHOLESALE #4292 HAMILTON ON,196.89,
10/09/2025,PRE-AUTH DEBIT ROGERS,98.00,
11/09/2025,E-TRANSFER RECEIVED GREEKTOWN REALTY TEST LTD,,2994.50
11/09/2025,E-TRANSFER RECEIVED PLAYTER PHYSIO TEST INC,,2373.00
11/09/2025,E-TRANSFER RECEIVED WITHROW FITNESS TEST LTD,,3333.50
11/09/2025,E-TRANSFER RECEIVED COXWELL ACCOUNTING TEST LTD,,1977.50
12/09/2025,E-TRANSFER RECEIVED DANFORTH DENTAL GROUP TEST INC,,3842.00
12/09/2025,CASH DEPOSIT BRANCH DEPOSIT,,513.89
12/09/2025,E-TRANSFER SENT DMITRI VOLKOV TEST,378.71,
12/09/2025,E-TRANSFER SENT AMARA OKORO TEST,672.54,
12/09/2025,E-TRANSFER SENT CARLOS FERREIRA TEST,2000.00,
15/09/2025,ONLINE BILL PAYMENT CLEANCO SUPPLY TEST LTD,983.67,
15/09/2025,POS PURCHASE HOME DEPOT #5623 OAKVILLE ON,110.35,
15/09/2025,POS PURCHASE HOME DEPOT #7418 TORONTO ON,45.35,
19/09/2025,CASH DEPOSIT BRANCH DEPOSIT,,407.42
19/09/2025,E-TRANSFER SENT MARIBEL CRUZ TEST,456.81,
19/09/2025,E-TRANSFER SENT DMITRI VOLKOV TEST,291.41,
19/09/2025,E-TRANSFER SENT AMARA OKORO TEST,285.21,
22/09/2025,POS PURCHASE WALMART SUPERCENTRE #6883 PICKERING ON,70.07,
22/09/2025,ONLINE BILL PAYMENT CLEANCO SUPPLY TEST LTD,579.84,
22/09/2025,PRE-AUTH DEBIT INTUIT *QUICKBOOKS,35.00,
22/09/2025,PAYMENT TO CARD AURORA CARD TEST 8815,1769.75,
24/09/2025,POS PURCHASE WALMART SUPERCENTRE #7195 ETOBICOKE ON,91.27,
26/09/2025,CASH DEPOSIT BRANCH DEPOSIT,,781.72
26/09/2025,E-TRANSFER SENT MARIBEL CRUZ TEST,673.58,
26/09/2025,E-TRANSFER SENT AMARA OKORO TEST,582.00,
26/09/2025,E-TRANSFER SENT CARLOS FERREIRA TEST,2000.00,
29/09/2025,MONTHLY ACCOUNT FEE,24.95,
02/10/2025,POS PURCHASE METRO #8237 MISSISSAUGA ON,68.94,
03/10/2025,CASH DEPOSIT BRANCH DEPOSIT,,637.78
03/10/2025,E-TRANSFER SENT MARIBEL CRUZ TEST,454.47,
03/10/2025,E-TRANSFER SENT DMITRI VOLKOV TEST,545.17,
03/10/2025,E-TRANSFER SENT AMARA OKORO TEST,371.87,
03/10/2025,POS PURCHASE LOBLAWS #464 TORONTO ON,143.15,
06/10/2025,E-TRANSFER RECEIVED BROADVIEW LAW OFFICE TEST,,2090.50
06/10/2025,E-TRANSFER RECEIVED COXWELL ACCOUNTING TEST LTD,,1977.50
06/10/2025,POS PURCHASE SOBEYS #7486 TORONTO ON,115.89,
06/10/2025,ONLINE BILL PAYMENT CLEANCO SUPPLY TEST LTD,980.86,
06/10/2025,PRE-AUTH DEBIT NORTHSHORE MUTUAL INSURANCE TEST,265.00,
06/10/2025,PRE-AUTH DEBIT NORTHSHORE MUTUAL INSURANCE TEST AUTO,415.00,
07/10/2025,E-TRANSFER RECEIVED GREEKTOWN REALTY TEST LTD,,2994.50
07/10/2025,POS PURCHASE WALMART SUPERCENTRE #7069 TORONTO ON,56.02,
09/10/2025,E-TRANSFER RECEIVED PLAYTER PHYSIO TEST INC,,2373.00
09/10/2025,E-TRANSFER RECEIVED WITHROW FITNESS TEST LTD,,3333.50
09/10/2025,E-TRANSFER RECEIVED CARLAW PRINT SHOP TEST INC,,2599.00
09/10/2025,PRE-AUTH DEBIT TELUS MOBILITY FAMILY PLAN,187.65,
09/10/2025,POS PURCHASE COSTCO WHOLESALE #3410 BRAMPTON ON,242.43,
10/10/2025,E-TRANSFER RECEIVED DANFORTH DENTAL GROUP TEST INC,,3842.00
10/10/2025,E-TRANSFER RECEIVED PAPE AVENUE MEDICAL CLINIC TEST,,4407.00
10/10/2025,E-TRANSFER RECEIVED JONES AVENUE VET CLINIC TEST,,3107.50
10/10/2025,CASH DEPOSIT BRANCH DEPOSIT,,530.28
10/10/2025,E-TRANSFER SENT MARIBEL CRUZ TEST,447.99,
10/10/2025,E-TRANSFER SENT DMITRI VOLKOV TEST,430.25,
10/10/2025,E-TRANSFER SENT AMARA OKORO TEST,483.37,
10/10/2025,E-TRANSFER SENT CARLOS FERREIRA TEST,2000.00,
10/10/2025,PRE-AUTH DEBIT ROGERS,98.00,
13/10/2025,E-TRANSFER RECEIVED RIVERSIDE YOGA STUDIO TEST INC,,1582.00
13/10/2025,E-TRANSFER RECEIVED LOGAN AVENUE BAKERY TEST,,1751.50
13/10/2025,E-TRANSFER RECEIVED CHESTER HILL CHURCH OFFICE TEST,,1638.50
13/10/2025,POS PURCHASE SOBEYS #8423 PICKERING ON,136.56,
13/10/2025,POS PURCHASE LOBLAWS #8013 NORTH YORK ON,100.24,
13/10/2025,POS PURCHASE HOME DEPOT #7731 TORONTO ON,52.10,
17/10/2025,CASH DEPOSIT BRANCH DEPOSIT,,863.17
17/10/2025,E-TRANSFER SENT MARIBEL CRUZ TEST,336.62,
17/10/2025,E-TRANSFER SENT DMITRI VOLKOV TEST,343.48,
17/10/2025,E-TRANSFER SENT AMARA OKORO TEST,514.56,
20/10/2025,POS PURCHASE HOME DEPOT #2776 PICKERING ON,319.87,
20/10/2025,PRE-AUTH DEBIT INTUIT *QUICKBOOKS,35.00,
20/10/2025,PAYMENT TO CARD AURORA CARD TEST 8815,1915.05,
21/10/2025,CRA GST/HST PENALTY AND INTEREST,143.10,
22/10/2025,ONLINE BILL PAYMENT CLEANCO SUPPLY TEST LTD,1133.54,
23/10/2025,POS PURCHASE SOBEYS #6071 ETOBICOKE ON,162.14,
24/10/2025,CASH DEPOSIT BRANCH DEPOSIT,,353.68
24/10/2025,E-TRANSFER SENT MARIBEL CRUZ TEST,387.14,
24/10/2025,E-TRANSFER SENT DMITRI VOLKOV TEST,371.84,
24/10/2025,E-TRANSFER SENT CARLOS FERREIRA TEST,2000.00,
24/10/2025,POS PURCHASE HOME DEPOT #8694 HAMILTON ON,22.18,
28/10/2025,ONLINE BILL PAYMENT CLEANCO SUPPLY TEST LTD,894.22,
28/10/2025,MONTHLY ACCOUNT FEE,24.95,
30/10/2025,POS PURCHASE COSTCO WHOLESALE #663 MARKHAM ON,121.54,
31/10/2025,CASH DEPOSIT BRANCH DEPOSIT,,344.16
31/10/2025,E-TRANSFER SENT MARIBEL CRUZ TEST,683.82,
31/10/2025,E-TRANSFER SENT DMITRI VOLKOV TEST,687.89,
31/10/2025,CRA GST/HST PAYMENT,10050.74,
03/11/2025,POS PURCHASE FRESHCO #6868 HAMILTON ON,97.45,
03/11/2025,ONLINE BILL PAYMENT CLEANCO SUPPLY TEST LTD,633.80,
04/11/2025,E-TRANSFER RECEIVED DANFORTH DENTAL GROUP TEST INC,,3842.00
04/11/2025,PRE-AUTH DEBIT NORTHSHORE MUTUAL INSURANCE TEST,265.00,
05/11/2025,E-TRANSFER RECEIVED COXWELL ACCOUNTING TEST LTD,,1977.50
06/11/2025,E-TRANSFER RECEIVED BROADVIEW LAW OFFICE TEST,,2090.50
06/11/2025,PRE-AUTH DEBIT NORTHSHORE MUTUAL INSURANCE TEST AUTO,415.00,
07/11/2025,CASH DEPOSIT BRANCH DEPOSIT,,463.19
07/11/2025,E-TRANSFER SENT MARIBEL CRUZ TEST,307.12,
07/11/2025,E-TRANSFER SENT DMITRI VOLKOV TEST,588.11,
07/11/2025,E-TRANSFER SENT AMARA OKORO TEST,397.48,
07/11/2025,E-TRANSFER SENT CARLOS FERREIRA TEST,2000.00,
10/11/2025,E-TRANSFER RECEIVED GREEKTOWN REALTY TEST LTD,,2994.50
10/11/2025,E-TRANSFER RECEIVED PAPE AVENUE MEDICAL CLINIC TEST,,4407.00
10/11/2025,E-TRANSFER RECEIVED PLAYTER PHYSIO TEST INC,,2373.00
10/11/2025,E-TRANSFER RECEIVED WITHROW FITNESS TEST LTD,,3333.50
10/11/2025,E-TRANSFER RECEIVED CHESTER HILL CHURCH OFFICE TEST,,1638.50
10/11/2025,E-TRANSFER RECEIVED CARLAW PRINT SHOP TEST INC,,2599.00
10/11/2025,PRE-AUTH DEBIT TELUS MOBILITY FAMILY PLAN,187.65,
10/11/2025,POS PURCHASE COSTCO WHOLESALE #3785 PICKERING ON,72.71,
10/11/2025,PRE-AUTH DEBIT ROGERS,98.00,
11/11/2025,E-TRANSFER RECEIVED LOGAN AVENUE BAKERY TEST,,1751.50
12/11/2025,E-TRANSFER RECEIVED RIVERSIDE YOGA STUDIO TEST INC,,1582.00
12/11/2025,E-TRANSFER RECEIVED JONES AVENUE VET CLINIC TEST,,3107.50
14/11/2025,CASH DEPOSIT BRANCH DEPOSIT,,640.29
14/11/2025,E-TRANSFER SENT MARIBEL CRUZ TEST,588.38,
14/11/2025,E-TRANSFER SENT AMARA OKORO TEST,544.26,
17/11/2025,POS PURCHASE SOBEYS #2815 BRAMPTON ON,142.14,
17/11/2025,POS PURCHASE HOME DEPOT #8917 PICKERING ON,26.47,
17/11/2025,POS PURCHASE COSTCO WHOLESALE #7969 BRAMPTON ON,127.64,
17/11/2025,POS PURCHASE COSTCO WHOLESALE #2913 ETOBICOKE ON,349.77,
18/11/2025,POS PURCHASE FRESHCO #5613 MISSISSAUGA ON,102.26,
20/11/2025,ONLINE BILL PAYMENT CLEANCO SUPPLY TEST LTD,519.05,
20/11/2025,PRE-AUTH DEBIT INTUIT *QUICKBOOKS,35.00,
20/11/2025,PAYMENT TO CARD AURORA CARD TEST 8815,1959.43,
21/11/2025,CASH DEPOSIT BRANCH DEPOSIT,,614.27
21/11/2025,E-TRANSFER SENT MARIBEL CRUZ TEST,541.02,
21/11/2025,E-TRANSFER SENT CARLOS FERREIRA TEST,2000.00,
21/11/2025,POS PURCHASE DOLLARAMA #369 TORONTO ON,94.46,
24/11/2025,ONLINE BILL PAYMENT CLEANCO SUPPLY TEST LTD,1143.17,
26/11/2025,ONLINE BILL PAYMENT CLEANCO SUPPLY TEST LTD,835.32,
27/11/2025,ONLINE BILL PAYMENT CLEANCO SUPPLY TEST LTD,344.98,
28/11/2025,CASH DEPOSIT BRANCH DEPOSIT,,460.23
28/11/2025,E-TRANSFER SENT MARIBEL CRUZ TEST,616.09,
28/11/2025,E-TRANSFER SENT DMITRI VOLKOV TEST,675.20,
28/11/2025,E-TRANSFER SENT AMARA OKORO TEST,527.83,
28/11/2025,POS PURCHASE NO FRILLS #6627 VAUGHAN ON,96.53,
28/11/2025,MONTHLY ACCOUNT FEE,24.95,
02/12/2025,POS PURCHASE SOBEYS #1128 PICKERING ON,93.75,
03/12/2025,POS PURCHASE HOME DEPOT #5250 NORTH YORK ON,303.82,
04/12/2025,PRE-AUTH DEBIT NORTHSHORE MUTUAL INSURANCE TEST,265.00,
05/12/2025,CASH DEPOSIT BRANCH DEPOSIT,,422.97
05/12/2025,E-TRANSFER SENT MARIBEL CRUZ TEST,509.66,
05/12/2025,E-TRANSFER SENT DMITRI VOLKOV TEST,604.67,
05/12/2025,E-TRANSFER SENT AMARA OKORO TEST,295.83,
05/12/2025,E-TRANSFER SENT CARLOS FERREIRA TEST,2000.00,
08/12/2025,E-TRANSFER RECEIVED BROADVIEW LAW OFFICE TEST,,2090.50
08/12/2025,E-TRANSFER RECEIVED RIVERSIDE YOGA STUDIO TEST INC,,1582.00
08/12/2025,E-TRANSFER RECEIVED WITHROW FITNESS TEST LTD,,3333.50
08/12/2025,E-TRANSFER RECEIVED CHESTER HILL CHURCH OFFICE TEST,,1638.50
08/12/2025,E-TRANSFER RECEIVED CARLAW PRINT SHOP TEST INC,,2599.00
08/12/2025,E-TRANSFER RECEIVED JONES AVENUE VET CLINIC TEST,,3107.50
08/12/2025,ONLINE BILL PAYMENT CLEANCO SUPPLY TEST LTD,866.81,
08/12/2025,POS PURCHASE COSTCO WHOLESALE #7434 BRAMPTON ON,359.81,
08/12/2025,PRE-AUTH DEBIT NORTHSHORE MUTUAL INSURANCE TEST AUTO,415.00,
09/12/2025,E-TRANSFER RECEIVED PAPE AVENUE MEDICAL CLINIC TEST,,4407.00
09/12/2025,E-TRANSFER RECEIVED PLAYTER PHYSIO TEST INC,,2373.00
09/12/2025,POS PURCHASE FOOD BASICS #6112 VAUGHAN ON,186.31,
09/12/2025,PRE-AUTH DEBIT TELUS MOBILITY FAMILY PLAN,187.65,
10/12/2025,PRE-AUTH DEBIT ROGERS,98.00,
11/12/2025,E-TRANSFER RECEIVED DANFORTH DENTAL GROUP TEST INC,,3842.00
11/12/2025,E-TRANSFER RECEIVED GREEKTOWN REALTY TEST LTD,,2994.50
11/12/2025,E-TRANSFER RECEIVED LOGAN AVENUE BAKERY TEST,,1751.50
11/12/2025,E-TRANSFER RECEIVED COXWELL ACCOUNTING TEST LTD,,1977.50
12/12/2025,CASH DEPOSIT BRANCH DEPOSIT,,338.12
12/12/2025,E-TRANSFER SENT MARIBEL CRUZ TEST,555.89,
12/12/2025,E-TRANSFER SENT DMITRI VOLKOV TEST,647.97,
12/12/2025,E-TRANSFER SENT AMARA OKORO TEST,419.32,
16/12/2025,ONLINE BILL PAYMENT CLEANCO SUPPLY TEST LTD,645.25,
19/12/2025,CASH DEPOSIT BRANCH DEPOSIT,,327.64
19/12/2025,E-TRANSFER SENT MARIBEL CRUZ TEST,478.08,
19/12/2025,E-TRANSFER SENT DMITRI VOLKOV TEST,309.85,
19/12/2025,E-TRANSFER SENT AMARA OKORO TEST,681.11,
19/12/2025,E-TRANSFER SENT CARLOS FERREIRA TEST,2000.00,
19/12/2025,POS PURCHASE COSTCO WHOLESALE #1190 VAUGHAN ON,177.99,
22/12/2025,POS PURCHASE FOOD BASICS #8639 VAUGHAN ON,177.03,
22/12/2025,POS PURCHASE HOME DEPOT #7588 PICKERING ON,356.04,
22/12/2025,PRE-AUTH DEBIT INTUIT *QUICKBOOKS,35.00,
22/12/2025,PAYMENT TO CARD AURORA CARD TEST 8815,2205.03,
23/12/2025,POS PURCHASE HOME DEPOT #9530 NORTH YORK ON,48.17,
25/12/2025,POS PURCHASE NO FRILLS #1192 SCARBOROUGH ON,145.30,
25/12/2025,ONLINE BILL PAYMENT CLEANCO SUPPLY TEST LTD,519.51,
26/12/2025,CASH DEPOSIT BRANCH DEPOSIT,,696.52
26/12/2025,E-TRANSFER SENT MARIBEL CRUZ TEST,541.70,
26/12/2025,E-TRANSFER SENT AMARA OKORO TEST,559.87,
29/12/2025,MONTHLY ACCOUNT FEE,24.95,
30/12/2025,POS PURCHASE WALMART SUPERCENTRE #1870 HAMILTON ON,147.61,
31/12/2025,ONLINE BILL PAYMENT CLEANCO SUPPLY TEST LTD,795.02,
