[Maple Ridge Consulting Inc. (Test)|TEST-01|EN]
S100.1002,131184.97
S100.1301,13211.58
S100.2680,5486.94
S100.2707,856.13
S100.3500,100.00
S100.3600,962.98
S100.3700,-20000.00
S125.8000,186700.00
S125.8523,1941.65
S125.8690,1416.00
S125.8715,203.40
S125.8810,336.27
S125.8811,6124.16
S125.8862,3000.00
S125.9150,1978.84
S125.9152,849.48
S125.9200,10883.60
S125.9201,398.23
S125.9225,940.83
S125.9275,1637.04
S1.NETINCOME,156990.50
S1.ADD[1].DESC,50% of meals and entertainment
S1.ADD[1].AMT,970.83
S50[1].NAME,Priya Nair (Test)
S50[1].SIN,377979456
S50[1].COMMONPCT,100.00
