[Probe Co. (Test)|0|0|5f0c2e9a-1b7d-4c3e-9a21-0d6e8b4f7a10],"Current Year","Last Year",""
IDENT.Ident120,"2025-01-01","","Line 060 - Tax year start date"
IDENT.Ident311,"Café Étienne Ltée (Test)","","Corporation's name"
IDENT.Ident180,"Y","",""
IDENT.Ident183,"N","",""
GFGBA.Ttwgba64,"0","","GIFI code 1002 - Deposits in Canadian banks and institutions - Canadian currency"
GFGBA.Ttwgba72,"","","GIFI code 1062 - Trade accounts receivable"
GFGBA.Ttwgba127,"1620","",""
GFBGII[1].GFGIJ.Ttwgij104,"48600","",""
FDONE.SLIPA[3].TtwoneA2,"-1356","",""
CCACat.FD08C[2].FED.Ttw08cA1,"8","",""
CCACat.FD08C[2].FED.Ttw08cA2,"0.2000","",""
