[Bluewater Renovations Inc. (Test)|0|0|00000000-0000-0000-0000-000000000000],"Current Year","Last Year",""
GFGBA.Ttwgba64,"167828","",""
GFGBA.Ttwgba74,"9708","",""
GFBGII[1].GFGIJ.Ttwgij68,"878000","",""
GFBGII[1].GFGIK.Ttwgik52,"155563","",""
GFBGII[1].GFGIK.Ttwgik53,"117520","",""
GFBGII[1].GFGIK.Ttwgik55,"222655","",""
GFBGII[1].GFGIL.Ttwgil123,"3751","",""
GFBGII[1].GFGIL.Ttwgil133,"21603","",""
GFBGII[1].GFGIL.Ttwgil137,"14277","",""
GFBGII[1].GFGIL.Ttwgil138,"4944","",""
GFBGII[1].GFGIL.Ttwgil146,"359","",""
GFBGII[1].GFGIL.Ttwgil169,"2160","",""
GFBGII[1].GFGIL.Ttwgil187,"28800","",""
GFBGII[1].GFGIL.Ttwgil211,"25000","",""
GFBGII[1].GFGIL.Ttwgil213,"66000","",""
GFBGII[1].GFGIL.Ttwgil217,"16722","",""
GFBGII[1].GFGIL.Ttwgil393,"651","",""
GFBGII[1].GFGIL.Ttwgil237,"1574","",""
GFBGII[1].GFGIL.Ttwgil250,"12184","",""
