[RETURN],"VALUE","Last Year",""
FDONE.Ttwone66,"VALUE","","Net income (loss) for income tax purposes (amount B minus line 510)"
FDCRY.Ttwcry6,"","","Current-year restricted farm loss (from amount 4E)"
FDCRY.Ttwcry7,"","","Third previous tax year to reduce farming income"
FDCRY.Ttwcry8,"","","Second previous tax year to reduce farming income"
FDCRY.Ttwcry9,"","","First previous tax year to reduce farming income"
FDCRY.Ttwcry10,"VALUE","","Closing balance of restricted farm losses to be carried forward to future tax years (amount 4J minus amount 4K)"
FDCRY.Ttwcry11,"VALUE","","Current-year non-capital loss (from amount 1M)"
FDCRY.Ttwcry12,"","","Third previous tax year to reduce taxable income"
FDCRY.Ttwcry13,"","","Third previous tax year to reduce taxable dividends subject to Part IV tax"
FDCRY.Ttwcry14,"","","Second previous tax year to reduce taxable income"
FDCRY.Ttwcry15,"","","Second previous tax year to reduce taxable dividends subject to Part IV tax"
FDCRY.Ttwcry16,"","","First previous tax year to reduce taxable income"
FDCRY.Ttwcry17,"","","First previous tax year to reduce taxable dividends subject to Part IV tax"
FDCRY.Ttwcry18,"VALUE","","Closing balance of non-capital losses to be carried forward to future tax years (amount 1R minus amount 1S)"
FDCRY.Ttwcry19,"VALUE","","Current-year capital loss (from the calculation on Schedule 6, Summary of Dispositions of Capital Property)"
FDCRY.Ttwcry21,"","","Current-year farm loss (the lesser of: the net loss from farming or fishing included in income and the non-capital loss before deducting the farm loss)"
FDCRY.Ttwcry22,"VALUE","","Subtotal (line 105 plus line 110)"
FDCRY.Ttwcry23,"VALUE","","Closing balance of capital losses to be carried forward to future tax years (amount 2G minus amount 2H)"
FDCRY.Ttwcry24,"","","Current-year farm loss (amount 1L in Part 1)"
FDCRY.Ttwcry25,"","","Third previous tax year to reduce taxable income"
FDCRY.Ttwcry26,"","","Third previous tax year to reduce taxable dividends subject to Part IV tax"
FDCRY.Ttwcry27,"","","Second previous tax year to reduce taxable income"
FDCRY.Ttwcry28,"","","Second previous tax year to reduce taxable dividends subject to Part IV tax"
FDCRY.Ttwcry29,"","","First previous tax year to reduce taxable income"
FDCRY.Ttwcry30,"","","First previous tax year to reduce taxable dividends subject to Part IV tax"
FDCRY.Ttwcry31,"VALUE","","Closing balance of farm losses to be carried forward to future tax years (amount 3E minus amount 3F)"
FDCRY.Ttwcry37,"VALUE","","Subtotal (total of amounts 1B to 1G)"
FDCRY.Ttwcry38,"VALUE","","Subtotal (amount 1A minus amount 1H; if positive, enter ""0"")"
FDCRY.Ttwcry39,"","","Section 110.5 or subparagraph 115(1)(a)(vii) - Addition for foreign tax deductions"
FDCRY.Ttwcry40,"VALUE","","Subtotal (amount 1I minus amount 1J)"
FDCRY.Ttwcry41,"","","Non-capital losses at the end of the previous tax year"
FDCRY.Ttwcry42,"","","Non-capital loss expired"
FDCRY.Ttwcry44,"","","Non-capital losses transferred on an amalgamation or on the wind-up of a subsidiary corporation"
FDCRY.Ttwcry47,"","","Amount carried back (100%) - Third previous tax year"
FDCRY.Ttwcry48,"","","Amount carried back (100%) - Second previous tax year"
FDCRY.Ttwcry49,"","","Amount carried back (100%) - First previous tax year"
FDCRY.Ttwcry51,"","","Section 80 - Adjustments for forgiven amounts"
FDCRY.Ttwcry53,"VALUE","","Subtotal (total of lines 150, 140, 130 and 135)"
FDCRY.Ttwcry54,"VALUE","","Non-capital losses before any request for a carryback (amount 1P minus amount 1Q)"
FDCRY.Ttwcry55,"","","Other adjustments (includes adjustments for an acquisition of control)"
FDCRY.Ttwcry60,"","","Total of requests to carry back non-capital losses to previous tax years (total of lines 901 to 913)"
FDCRY.Ttwcry61,"VALUE","","If you are making an election under paragraph 88(1.1)(f), tick the box"
FDCRY.Ttwcry62,"","","Capital losses at the end of the previous tax year"
FDCRY.Ttwcry63,"","","Capital losses transferred on an amalgamation or on the wind-up of a subsidiary corporation"
FDCRY.Ttwcry64,"","","Subtotal (line 200 plus line 205)"
FDCRY.Ttwcry65,"","","Allowable business investment losses (ABILs) that expired as non-capital losses at the end of the previous tax year"
FDCRY.Ttwcry66,"","","ABILs expired as non-capital losses (line 215 multiplied by Inclusion rate)"
FDCRY.Ttwcry67,"VALUE","","Subtotal (amount 2C plus line 210 plus line 220)"
FDCRY.Ttwcry68,"VALUE","","Capital losses from previous tax years applied against the current-year net capital gain"
FDCRY.Ttwcry69,"","","Section 80 - Adjustments for forgiven amounts"
FDCRY.Ttwcry70,"","","Other adjustments (includes adjustments for an acquisition of control)"
FDCRY.Ttwcry71,"","","RIFE at the end of the previous tax year"
FDCRY.Ttwcry72,"VALUE","","Capital losses before any request for a carryback (amount 2F minus line 225)"
FDCRY.Ttwcry73,"","","Subtotal (total of lines 951 to 953)"
FDCRY.Ttwcry74,"","","Farm losses at the end of the previous tax year"
FDCRY.Ttwcry75,"","","Farm loss expired"
FDCRY.Ttwcry77,"","","Farm losses transferred on an amalgamation or on the wind-up of a subsidiary corporation"
FDCRY.Ttwcry78,"","","Subtotal (line 302 plus amount 3B)"
FDCRY.Ttwcry81,"","","Section 80 - Adjustments for forgiven amounts"
FDCRY.Ttwcry82,"","","Other adjustments (includes adjustments for an acquisition of control)"
FDCRY.Ttwcry83,"VALUE","","Subtotal (total of lines 350, 340, 330 and 335)"
FDCRY.Ttwcry84,"VALUE","","Farm losses before any request for a carryback (amount 3C minus amount 3D)"
FDCRY.Ttwcry85,"","","Subtotal (total of lines 921 to 933)"
FDCRY.Ttwcry86,"","","Total losses for the year from farming business"
FDCRY.Ttwcry88,"VALUE","","(line 485 - $2,500) divided by 2 ="
FDCRY.Ttwcry91,"VALUE","","Amount 4A or $15,000, whichever is less"
FDCRY.Ttwcry92,"VALUE","","Subtotal (amount 4B plus amount 4C)"
FDCRY.Ttwcry93,"","","Current-year restricted farm loss (line 485 minus amount 4D)"
FDCRY.Ttwcry94,"","","Restricted farm losses at the end of the previous tax year"
FDCRY.Ttwcry95,"","","Restricted farm loss expired"
FDCRY.Ttwcry97,"","","Restricted farm losses transferred on an amalgamation or on the wind-up of a subsidiary corporation"
FDCRY.Ttwcry98,"","","Subtotal (line 405 plus line 410)"
FDCRY.Ttwcry100,"","","Section 80 - Adjustments for forgiven amounts"
FDCRY.Ttwcry101,"","","Other adjustments"
FDCRY.Ttwcry102,"VALUE","","Subtotal (total of lines 430 to 450)"
FDCRY.Ttwcry103,"VALUE","","Restricted farm losses before any request for a carryback (amount 4H minus amount 4I)"
FDCRY.Ttwcry104,"","","Subtotal (total of lines 941 to 943)"
FDCRY.Ttwcry105,"","","Listed personal property losses at the end of the previous tax year"
FDCRY.Ttwcry106,"","","Listed personal property loss expired"
FDCRY.Ttwcry107,"","","Listed personal property losses at the beginning of the tax year (amount 5A minus line 500)"
FDCRY.Ttwcry108,"","","Current-year listed personal property loss (from Schedule 6)"
FDCRY.Ttwcry109,"","","Subtotal (line 502 plus line 510)"
FDCRY.Ttwcry110,"VALUE","","Listed personal property losses from previous tax years applied against listed personal property gains"
FDCRY.Ttwcry111,"","","Other adjustments"
FDCRY.Ttwcry112,"VALUE","","Subtotal (line 530 plus line 550)"
FDCRY.Ttwcry113,"VALUE","","Listed personal property losses remaining before any request for a carryback (amount 5B minus amount 5C)"
FDCRY.Ttwcry114,"","","First previous tax year to reduce listed personal property gains"
FDCRY.Ttwcry115,"","","Second previous tax year to reduce listed personal property gains"
FDCRY.Ttwcry116,"","","Third previous tax year to reduce listed personal property gains"
FDCRY.Ttwcry117,"","","Subtotal (total of lines 961 to 963)"
FDCRY.Ttwcry118,"VALUE","","Closing balance of listed personal property losses to be carried forward to future tax years (amount 5D minus amount 5E)"
FDCRY.Ttwcry154,"","","Total (enter this amount on line 222 of Schedule 1)"
FDCRY.Ttwcry215,"","","Total (enter this amount on line 335 of the T2 return)"
FDCRY.Ttwcry221,"","","Amount deductible as prospector's and grubstaker's shares - Paragraph 110(1)(d.2)"
FDCRY.Ttwcry222,"VALUE","","Current-year non-capital loss (amount 1K plus amount 1L, if positive enter ""0"")"
FDCRY.Ttwcry224,"VALUE","","Is the corporation exempt from the restricted farm loss rules? (A reply of ""NO"" triggers the restricted farm loss rules.)"
FDCRY.Ttwcry234,"","","Subsection 111(10) - Adjustments for fuel tax rebate"
FDCRY.Ttwcry235,"","","Capital gain (100%) - First previous tax year"
FDCRY.Ttwcry236,"","","Capital gain (100%) - Second previous tax year"
FDCRY.Ttwcry237,"","","Capital gain (100%) - Third previous tax year"
FDCRY.Ttwcry241,"","","Non-capital losses at the beginning of the tax year (amount 1N minus line 100)"
FDCRY.Ttwcry242,"","","RIFE transferred on an amalgamation or on the wind-up of a subsidiary corporation"
FDCRY.Ttwcry243,"","","Subtotal (line 250 plus line 240)"
FDCRY.Ttwcry244,"","","Subtotal (amount 2A minus amount 2B)"
FDCRY.Ttwcry245,"","","Unused non-capital losses from the 11th previous tax year"
FDCRY.Ttwcry246,"","","Enter amount 2D or 2E, whichever is less"
FDCRY.Ttwcry247,"VALUE","","Inclusion rate"
FDCRY.Ttwcry248,"VALUE","","Non-capital losses of previous tax years applied in the current tax year"
FDCRY.Ttwcry249,"","","Current and previous years non-capital losses applied against current-year taxable dividends subject to Part IV tax"
FDCRY.Ttwcry250,"","","Farm losses at the beginning of the tax year (amount 3A minus line 300)"
FDCRY.Ttwcry251,"VALUE","","Farm losses of previous tax years applied in the current tax year"
FDCRY.Ttwcry252,"","","Current and previous years farm losses applied against current-year taxable dividends subject to Part IV tax"
FDCRY.Ttwcry253,"","","Restricted farm losses at the beginning of the tax year (amount 4F minus line 400)"
FDCRY.Ttwcry254,"VALUE","","Restricted farm losses from previous tax years applied against current farming income"
FDCRY.Ttwcry255,"VALUE","","Subtotal (line 102 plus amount 1O)"
FDCRY.Ttwcry256,"","","Subtotal (line 305 plus line 310)"
FDCRY.Ttwcry257,"","","Subtotal (line 402 plus amount 4G)"
FDCRY.Ttwcry258,"","","Adjusted taxable income - First previous tax year"
FDCRY.Ttwcry259,"","","Adjusted taxable income - Second previous tax year"
FDCRY.Ttwcry260,"","","Adjusted taxable income - Third previous tax year"
FDCRY.Ttwcry263,"","","Adjusted Part IV tax multiplied by the multiplication factor - First previous tax year"
FDCRY.Ttwcry264,"","","Adjusted Part IV tax multiplied by the multiplication factor - Second previous tax year"
FDCRY.Ttwcry265,"","","Adjusted Part IV tax multiplied by the multiplication factor - Third previous tax year"
FDCRY.Ttwcry267,"","","Employer deduction for non-qualified securities - Paragraph 110(1)(e)"
FDCRY.Ttwcry268,"","","RIFE adjustments for an acquisition of control"
FDCRY.Ttwcry269,"","","Subtotal (line 700 plus line 705 minus line 750)"
FDCRY.Ttwcry270,"","","Current-year restricted interest and financing expense determined under subsection 111(8) (amount A from Part 2O of Schedule 130)"
FDCRY.Ttwcry271,"VALUE","","RIFE deducted for the tax year"
FDCRY.Ttwcry272,"VALUE","","Closing balance of RIFE (amount 8A plus line 710 minus line 730)"
FDFTC.Ttwftc1,"","","Income eligible for the small business deduction from Schedule 7"
FDFTC.Ttwftc2,"","","Taxable income from line 360 on page 3, minus 100/28 of the amount on line 632 on page 8, minus 4 times the amount on line 636 on page 8, and minus any amount that, because of federal law, is exempt form Part I tax"
FDFTC.Ttwftc3,"","","Business limit (see notes 1 and 2 below)"
FDFTC.Ttwftc5,"","","Taxable income for the year from a personal services business"
FDFTC.Ttwftc10,"","","Section 110.5 additions or subparagraph 115(1)(a)(vii) additions"
FDFTC.Ttwftc15,"VALUE","","Part VI tax payable from Schedule 38"
FDFTC.Ttwftc18,"VALUE","","Taxable income from line 360 of the T2 return"
FDFTC.Ttwftc21,"VALUE","","Base amount Part I tax"
FDFTC.Ttwftc26,"","","Small business deduction - Enter amount from line 430 at amount L on page 8."
FDFTC.Ttwftc27,"","","Investment corporation deduction"
FDFTC.Ttwftc29,"VALUE","","Federal tax abatement"
FDFTC.Ttwftc30,"","","Manufacturing and processing profits deduction and zero-emission technology manufacturing deduction from Schedule 27"
FDFTC.Ttwftc34,"VALUE","","Subtotal (add amounts A to E and J)"
FDFTC.Ttwftc35,"","","Federal foreign non-business income tax credit from Schedule 21"
FDFTC.Ttwftc36,"","","Federal foreign business income tax credit from Schedule 21"
FDFTC.Ttwftc37,"VALUE","","Federal logging tax credit from Schedule 21"
FDFTC.Ttwftc38,"","","Taxable income from a personal services business"
FDFTC.Ttwftc42,"VALUE","","Investment tax credit from Schedule 31"
FDFTC.Ttwftc44,"VALUE","","Subtotal"
FDFTC.Ttwftc45,"VALUE","","Part I tax payable"
FDFTC.Ttwftc48,"","","Eligible Canadian bank deduction under section 125.21"
FDFTC.Ttwftc49,"","","Taxable income from a personal services business x 5 %"
FDFTC.Ttwftc50,"VALUE","","Part II.2 tax payable from Schedule 56"
FDFTC.Ttwftc51,"","","Total labour requirements addition to tax"
FDFTC.Ttwftc52,"","","Labour requirements addition to tax relating to: Carbon capture, utilization, and storage ITC (Schedule 78)"
FDFTC.Ttwftc53,"","","Business limit the CCPC assigns under subsection 125(3.2) (from line 515 below)"
FDFTC.Ttwftc55,"","","Total - Income paid under clause 125(1)(a)(i)(B) to the corporation identified in column L"
FDFTC.Ttwftc56,"","","Total - Business limit assigned to corporation identified in column L"
FDFTC.Ttwftc685,"","","Canadian journalism labour tax credit from Schedule 58"
FDFTC.Ttwftc67,"","","Taxable income from line 360 on page 3"
FDFTC.Ttwftc69,"","","Lesser of amounts 9B and 9H from Part 9 of Schedule 27"
FDFTC.Ttwftc84,"VALUE","","Certification - Date"
FDFTC.Ttwftc95,"","","Foreign non-business income tax credit from line 632 on page 8"
FDFTC.Ttwftc105,"","","Adjusted aggregate investment income from Schedule 7"
FDFTC.Ttwftc103,"VALUE","","Part XIII.1 tax payable from Schedule 92"
FDFTC.Ttwftc111,"","","Amount C / (Business limit / Applicable factor) x (Adjusted aggregate investment income from Schedule 7 - 50,000)"
FDFTC.Ttwftc121,"","","Taxed capital gains"
FDFTC.Ttwftc122,"","","The greater of amount E and amount G"
FDFTC.Ttwftc123,"VALUE","","Subtotal (add amounts K to M)"
FDFTC.Ttwftc124,"VALUE","","Amount J minus amount N (if negative, enter ""0"")"
FDFTC.Ttwftc127,"VALUE","","Non-eligible dividend refund (amount DD or EE, whichever is less)"
FDFTC.Ttwftc128,"VALUE","","Amount DD minus amount EE (if negative, enter ""0"")"
FDFTC.Ttwftc129,"VALUE","","General tax reduction - Amount O multiplied by 13%"
FDFTC.Ttwftc131,"VALUE","","General tax reduction for CCPCs from amount I on page 5"
FDFTC.Ttwftc132,"VALUE","","General tax reduction from amount P on page 5"
FDFTC.Ttwftc144,"VALUE","","Is the corporation claiming a Canadian journalism labour tax credit?"
FDFTC.Ttwftc148,"VALUE","","Is the corporation subject to Part IV.1 tax on dividends received on  taxable preferred shares or Part VI.1 tax on dividends paid?"
FDFTC.Ttwftc163,"VALUE","","Is the total taxable capital employed in Canada of the corporation and its related corporations over $10,000,000?"
FDFTC.Ttwftc184,"VALUE","","Ecological gifts from Schedule 2"
FDFTC.Ttwftc185,"","","Limited partnership losses of previous tax years from Schedule 4"
FDFTC.Ttwftc186,"","","Taxable capital gains or taxable dividends allocated from a central credit union"
FDFTC.Ttwftc202,"VALUE","","For financial institutions: Is the corporation a member of a related group of  financial institutions with one or more members subject to gross Part VI tax?"
FDFTC.Ttwftc207,"VALUE","","Charitable donations from Schedule 2"
FDFTC.Ttwftc208,"VALUE","","Cultural gifts from Schedule 2"
FDFTC.Ttwftc209,"VALUE","","Taxable dividends deductible under section 112 or 113, or subsection 138(6) from Schedule 3"
FDFTC.Ttwftc210,"VALUE","","Part VI.1 tax deduction"
FDFTC.Ttwftc211,"VALUE","","Restricted farm losses of previous tax years from Schedule 4"
FDFTC.Ttwftc212,"VALUE","","Non-capital losses of previous tax years from Schedule 4"
FDFTC.Ttwftc213,"VALUE","","Net capital losses of previous years claimed on line 332 on the T2 Corporation Income Tax Return"
FDFTC.Ttwftc214,"VALUE","","Farm losses of previous tax years from Schedule 4"
FDFTC.Ttwftc215,"","","Prospector's and grubstaker's shares"
FDFTC.Ttwftc216,"VALUE","","Subtotal"
FDFTC.Ttwftc217,"VALUE","","Subtotal (amount A minus amount B) (if negative, enter ""0"")"
FDFTC.Ttwftc219,"VALUE","","Part IV tax payable from Schedule 3"
FDFTC.Ttwftc220,"VALUE","","Part IV.1 tax payable from Schedule 43"
FDFTC.Ttwftc221,"VALUE","","Part VI.1 tax payable from Schedule 43"
FDFTC.Ttwftc222,"VALUE","","Part XIV tax payable from Schedule 20"
FDFTC.Ttwftc224,"VALUE","","Total federal tax"
FDFTC.Ttwftc227,"","","Return of fuel charge proceeds to farmers tax credit from Schedule 63"
FDFTC.Ttwftc228,"VALUE","","Total tax payable"
FDFTC.Ttwftc229,"","","Tax instalments paid"
FDFTC.Ttwftc230,"VALUE","","Investment tax credit refund from Schedule 31"
FDFTC.Ttwftc231,"VALUE","","Dividend refund from amount JJ on page 7"
FDFTC.Ttwftc232,"","","Federal capital gains refund from Schedule 18"
FDFTC.Ttwftc233,"VALUE","","Provincial and territorial capital gains refund from Schedule 18"
FDFTC.Ttwftc235,"","","Tax withheld at source"
FDFTC.Ttwftc237,"VALUE","","Total credits"
FDFTC.Ttwftc238,"VALUE","","Balance (amount A minus amount B)"
FDFTC.Ttwftc239,"","","Refund code"
FDFTC.Ttwftc246,"VALUE","","Is the net income/loss shown on the financial statements different from the net income/loss for income tax purposes?"
FDFTC.Ttwftc247,"VALUE","","Has the corporation made any charitable donations; gifts of cultural or ecological property; or gifts of medicine?"
FDFTC.Ttwftc248,"VALUE","","Has the corporation received any dividends or paid any taxable dividends  for purposes  of the dividend refund?"
FDFTC.Ttwftc249,"VALUE","","Is the corporation claiming any type of losses?"
FDFTC.Ttwftc250,"VALUE","","Is the corporation claiming a provincial or territorial tax credit or does it have a  permanent establishment in more than one jurisdiction?"
FDFTC.Ttwftc251,"VALUE","","Has the corporation realized any capital gains or incurred any capital  losses during the tax year?"
FDFTC.Ttwftc252,"VALUE","","i) Is the corporation a CCPC and reporting a) income or loss from property (other than dividends deductible on line 320 of the T2 return), b) income from a partnership, c) income from a foreign business, d) income from a personal services business, e) income referred to in clause 125(1)(a)(i)(C) or 125(1)(a)(i)(B), f) aggregate investment income as defined in subsection 129(4), or g) an amount assigned to it under subsection 125(3.2) or 125(8); or ii) Is the corporation a member of a partnership and assigning its specified partnership business limit to a designated member under subsection 125(8)?"
FDFTC.Ttwftc254,"VALUE","","Does the corporation have any property that is eligible for capital cost  allowance?"
FDFTC.Ttwftc256,"VALUE","","Is the corporation related to any other corporations?"
FDFTC.Ttwftc257,"VALUE","","Is the corporation an associated CCPC?"
FDFTC.Ttwftc258,"VALUE","","Did the corporation have a total amount over CAN$1 million of reportable transactions with non-arm's length non-residents?"
FDFTC.Ttwftc259,"VALUE","","Has the corporation had any transactions, including section 85  transfers, with its shareholders, officers, or employees, other than transactions in the ordinary course of business? Exclude non-arm's length transactions with non-residents"
FDFTC.Ttwftc260,"VALUE","","If you answered Yes to the above question, and the transaction was  between corporations not dealing at arm's length, were all or substantially all of the assets of the transferor disposed of to the transferee?"
FDFTC.Ttwftc261,"VALUE","","Does the corporation have any resource-related deductions?"
FDFTC.Ttwftc262,"VALUE","","Is the corporation claiming deductible reserves?"
FDFTC.Ttwftc263,"VALUE","","Has the corporation paid any royalties, management fees, or other similar  payments to residents of Canada?"
FDFTC.Ttwftc264,"VALUE","","Is the corporation claiming a deduction for payments to a type of employee benefit  plan?"
FDFTC.Ttwftc265,"VALUE","","Is the corporation claiming a patronage dividend deduction?"
FDFTC.Ttwftc266,"VALUE","","Is the corporation a credit union claiming a deduction for allocations in proportion to borrowing or a provincial credit union tax reduction?"
FDFTC.Ttwftc267,"VALUE","","Is the corporation an investment corporation or a mutual fund corporation?"
FDFTC.Ttwftc268,"VALUE","","Does the corporation have any non-resident shareholders who own voting shares?"
FDFTC.Ttwftc269,"VALUE","","Is the corporation carrying on business in Canada as a non-resident corporation?"
FDFTC.Ttwftc270,"VALUE","","Is the corporation claiming any federal, provincial, or territorial foreign tax credits, or any federal logging tax credits?"
FDFTC.Ttwftc271,"VALUE","","Did the corporation, a foreign affiliate controlled by the corporation, or any other corporation or trust that did not deal at arm's length with the corporation have a beneficial interest in a non-resident discretionary trust (without reference to section 94)?"
FDFTC.Ttwftc272,"VALUE","","Is the corporation claiming any scientific research and experimental development (SR&ED) expenditures?"
FDFTC.Ttwftc274,"VALUE","","Did the corporation own any shares in one or more foreign affiliates in the tax year?"
FDFTC.Ttwftc275,"VALUE","","Is the corporation claiming a return of fuel charge proceeds to farmers tax credit?"
FDFTC.Ttwftc276,"VALUE","","Does the corporation have any Canadian manufacturing and processing profits or zero-emission technology manufacturing profits?"
FDFTC.Ttwftc278,"VALUE","","Has the corporation made any payments to non-residents of Canada under subsections 202(1) and/or 105(1) of the Income Tax Regulations?"
FDFTC.Ttwftc281,"VALUE","","Is the corporation claiming a loss or deduction from a tax shelter?"
FDFTC.Ttwftc282,"VALUE","","Is the corporation claiming an investment tax credit?"
FDFTC.Ttwftc283,"VALUE","","Is the corporation claiming a Part I tax credit?"
FDFTC.Ttwftc285,"VALUE","","Is the corporation subject to gross Part VI tax on capital of financial  institutions?"
FDFTC.Ttwftc286,"VALUE","","Is the corporation a member of a partnership for which a partnership account number has been assigned?"
FDFTC.Ttwftc291,"","","ERDTOH dividend refund for the previous tax year"
FDFTC.Ttwftc297,"","","Net ERDTOH transferred on an amalgamation or the wind-up of a subsidiary"
FDFTC.Ttwftc299,"VALUE","","Taxable income from line 360 on page 3"
FDFTC.Ttwftc300,"VALUE","","Lesser of amounts 9B and 9H from Part 9 of Schedule 27"
FDFTC.Ttwftc301,"","","ERDTOH at the end of the tax year (total of amounts A, F, and Q minus amount G) (if negative, enter ""0"")"
FDFTC.Ttwftc302,"VALUE","","Amount 13K from Part 13 of Schedule 27"
FDFTC.Ttwftc304,"","","NERDTOH at the end of the tax year (total of amounts B, H, M, and P minus amount N) (if negative, enter ""0"")"
FDFTC.Ttwftc306,"VALUE","","38 1/3% of total eligible dividends paid in the tax year (amount 3A from Schedule 3)"
FDFTC.Ttwftc307,"VALUE","","Eligible dividend refund (amount AA or BB, whichever is less)"
FDFTC.Ttwftc308,"VALUE","","Amount BB minus amount CC (if negative, enter ""0"")"
FDFTC.Ttwftc338,"VALUE","","Is the corporation subject to Part XIII.1 tax? (Show your calculations on a sheet that you identify as Schedule 92.)"
FDFTC.Ttwftc364,"VALUE","","Is the corporation an associated CCPC that is claiming the expenditure limit?"
FDFTC.Ttwftc375,"VALUE","","Additional non-eligible dividend refund (amount GG or HH, whichever is less)"
FDFTC.Ttwftc376,"","","Reduced business limit (amount C minus amount H) (if negative, enter ""0"")"
FDFTC.Ttwftc377,"","","Reduced business limit after assignment (amount I minus amount J)"
FDFTC.Ttwftc433,"VALUE","","Has the corporation made payments to, or received amounts from, a retirement compensation plan arrangement during the year?"
FDFTC.Ttwftc434,"VALUE","","For private corporations: Does the corporation have any shareholders who own 10% or more of the corporation's common and/or preferred shares?"
FDFTC.Ttwftc435,"VALUE","","Is the corporation agreeing to a transfer of the liability for Part VI.1 tax?"
FDFTC.Ttwftc453,"","","Amount used to reduce the business limit"
FDFTC.Ttwftc454,"","","Taxable capital business limit reduction"
FDFTC.Ttwftc457,"","","Federal qualifying environmental trust tax credit refund"
FDFTC.Ttwftc467,"","","Small business deduction - Amount A, B, C, or K, whichever is the least"
FDFTC.Ttwftc478,"","","Federal qualifying environmental trust tax credit"
FDFTC.Ttwftc479,"VALUE","","Provincial and territorial refundable tax credits from Schedule 5"
FDFTC.Ttwftc480,"","","Total payments on which tax has been withheld"
FDFTC.Ttwftc490,"","","Aggregate investment income from Schedule 7"
FDFTC.Ttwftc491,"","","Aggregate investment income from Schedule 7 x 30 2/3 %"
FDFTC.Ttwftc493,"","","Foreign investment income from Schedule 7"
FDFTC.Ttwftc494,"","","Foreign investment income from Schedule 7 x 8 %"
FDFTC.Ttwftc495,"","","Subtotal (amount B minus amount C) (if negative, enter ""0"")"
FDFTC.Ttwftc496,"","","Amount A minus amount D (if negative, enter ""0"")"
FDFTC.Ttwftc497,"","","Taxable income from line 360 on page 3"
FDFTC.Ttwftc498,"","","Amount from line 400, 405, 410, or 428 on page 4, whichever is the least"
FDFTC.Ttwftc499,"","","Foreign non-business income tax credit from line 632 on page 8"
FDFTC.Ttwftc500,"","","Foreign non-business income tax credit from line 632 on page 8 x 75/29"
FDFTC.Ttwftc501,"","","Foreign business income tax credit from line 636 on page 8"
FDFTC.Ttwftc502,"","","Foreign business income tax credit from line 636 on page 8 x 4"
FDFTC.Ttwftc503,"","","Subtotal (add amounts G to I)"
FDFTC.Ttwftc504,"","","Subtotal (amount F minus amount J)"
FDFTC.Ttwftc505,"","","Subtotal (amount F minus amount J) x 30 2/3 %"
FDFTC.Ttwftc506,"","","Amount 13K from Part 13 of Schedule 27"
FDFTC.Ttwftc510,"","","Amount from line 400, 405, 410, or 428 on page 4, whichever is the least"
FDFTC.Ttwftc511,"","","Part I tax payable minus investment tax credit refund (line 700 minus line 780 from page 9)"
FDFTC.Ttwftc514,"","","Refundable portion of Part I tax - Amount E, L, or M, whichever is the least"
FDFTC.Ttwftc515,"","","Aggregate investment income from line 440 on page 6"
FDFTC.Ttwftc516,"","","Taxable income from line 360 on page 3"
FDFTC.Ttwftc517,"","","Amount from line 400, 405, 410, or 428 on page 4, whichever is the least"
FDFTC.Ttwftc518,"","","Net amount (amount G minus amount H)"
FDFTC.Ttwftc519,"","","Aggregate investment income from line 440 on page 6"
FDFTC.Ttwftc521,"","","Subtotal (add amounts B to F)"
FDFTC.Ttwftc522,"VALUE","","Amount A minus amount G (if negative, enter ""0"")"
FDFTC.Ttwftc523,"","","Refundable tax on CCPC's or substantive CCPC's investment income - 10 2/3% of whichever is less: amount F or amount I"
FDFTC.Ttwftc535,"VALUE","","General tax reduction for Canadian-controlled private corporations - Amount H multiplied by 13%"
FDFTC.Ttwftc536,"VALUE","","Refund"
FDFTC.Ttwftc537,"","","Balance owing"
FDFTC.Ttwftc540,"","","Canadian film or video production tax credit (Form T1131)"
FDFTC.Ttwftc551,"VALUE","","Net provincial or territorial tax payable (except Quebec and Alberta)"
FDFTC.Ttwftc553,"","","Labour requirements addition to tax relating to: Clean technology ITC (Schedule 75)"
FDFTC.Ttwftc555,"","","Film or video production services tax credit (Form T1177)"
FDFTC.Ttwftc557,"VALUE","","Is the corporation claiming a Canadian film or video production tax credit?"
FDFTC.Ttwftc570,"","","Recapture of investment tax credit from Schedule 31"
FDFTC.Ttwftc578,"VALUE","","Is the corporation claiming a film or video production services tax credit?"
FDFTC.Ttwftc581,"VALUE","","If the corporation is a resident of Canada, did the corporation own or hold specified foreign property where the total cost amount of all such property, at any time in the year, was more than CAN$100,000?"
FDFTC.Ttwftc582,"VALUE","","Did the corporation transfer or loan property to a non-resident trust?"
FDFTC.Ttwftc583,"VALUE","","Did the corporation receive a distribution from or was it indebted to a non-resident  trust in the year?"
FDFTC.Ttwftc592,"VALUE","","Has the corporation entered into an agreement to allocate assistance  for SR&ED carried out in Canada?"
FDFTC.Ttwftc593,"VALUE","","Has the corporation entered into an agreement to transfer  qualified expenditures incurred in respect of SR&ED contracts?"
FDFTC.Ttwftc594,"VALUE","","Has the corporation entered into an agreement with other  associated corporations for salary or wages of specified employees for SR&ED?"
FDFTC.Ttwftc687,"VALUE","","Are you an employer reporting a non-qualified security agreement under subsection 110(1.9)?"
FDFTC.Ttwftc605,"","","Eligible refundable dividend tax on hand (ERDTOH) at the end of the previous tax year (line 530 of the preceding tax year)"
FDFTC.Ttwftc606,"","","Non-eligible refundable dividend tax on hand (NERDTOH) at the end of the previous tax year (line 545 of the preceding tax year) (if negative, enter ""0"")"
FDFTC.Ttwftc607,"","","Part IV tax payable on taxable dividends from connected corporations (amount 2G from Schedule 3)"
FDFTC.Ttwftc608,"","","Part IV tax payable on eligible dividends from non-connected corporations (amount 2J from Schedule 3)"
FDFTC.Ttwftc610,"","","Additional tax on banks and life insurers from Schedule 68"
FDFTC.Ttwftc611,"","","Subtotal (amount C plus amount D)"
FDFTC.Ttwftc612,"","","Part IV tax before deductions (amount 2A from Schedule 3)"
FDFTC.Ttwftc613,"","","Part IV tax reduction due to Part IV.1 tax payable (amount 4D of Schedule 43)"
FDFTC.Ttwftc614,"","","Subtotal (amount I minus total of amounts J and K)"
FDFTC.Ttwftc615,"","","Net NERDTOH transferred on an amalgamation or the wind-up of a subsidiary"
FDFTC.Ttwftc616,"","","Part VI.2 tax payable from Schedule 67"
FDFTC.Ttwftc617,"","","Labour requirements addition to tax relating to: Clean hydrogen ITC (Schedule 74)"
FDFTC.Ttwftc618,"","","Labour requirements addition to tax relating to: Clean electricity ITC"
FDFTC.Ttwftc621,"VALUE","","Did the corporation pay taxable dividends (other than capital gains dividends) in the tax year?"
FDFTC.Ttwftc622,"VALUE","","Did the corporation (CCPC or deposit insurance corporation (DIC)) pay eligible dividends, or did its general rate income pool (GRIP) change in the tax year?"
FDFTC.Ttwftc623,"VALUE","","Did the corporation (other than a CCPC or DIC) pay eligible dividends, or did its low rate income pool (LRIP) change in the tax year?"
FDFTC.Ttwftc624,"VALUE","","Gifts of medicine made before March 22, 2017, from Schedule 2"
FDFTC.Ttwftc625,"VALUE","","Part III.1 tax payable from Schedule 55"
FDFTC.Ttwftc626,"VALUE","","Is the total taxable capital employed in Canada of the corporation and its associated corporations over $10,000,000?"
FDFTC.Ttwftc684,"","","Part IV tax payable allocated to NERDTOH, net of losses claimed (amount L minus amount O) (if negative enter "0")"
FDFTC.Ttwftc629,"VALUE","","Is the corporation subject to the additional 1.5% tax on banks and life insurers?"
FDFTC.Ttwftc630,"","","Customized disclaimer"
FDFTC.Ttwftc631,"","","Line 079 - If an election was made under section 261, state the functional currency used"
FDFTC.Ttwftc632,"VALUE","","Did the corporation use the International Financial Reporting Standards (IFRS) when it prepared its financial statements?"
FDFTC.Ttwftc633,"VALUE","","RIFE deducted in the year under paragraph 111(1)(a.1) (enter as a positive amount)"
FDFTC.Ttwftc634,"","","Part XII.7 tax payable from Schedule 78"
FDFTC.Ttwftc638,"VALUE","","4"
FDFTC.Ttwftc641,"","","Personal services business income"
FDFTC.Ttwftc642,"","","Personal services business income"
FDFTC.Ttwftc645,"VALUE","","Does the corporation earn income from one or more Internet web pages or websites?"
FDFTC.Ttwftc646,"VALUE","","Did the corporation have any foreign affiliates in the tax year?"
FDFTC.Ttwftc663,"VALUE","","Rate"
FDFTC.Ttwftc674,"","","NERDTOH dividend refund for the previous tax year"
FDFTC.Ttwftc675,"","","38 1/3% of the total losses applied against Part IV tax (amount 2D from Schedule 3)"
FDFTC.Ttwftc676,"","","Part IV tax payable allocated to ERDTOH, net of losses claimed (amount E minus the amount, if any, by which amount O exceeds amount L) (if negative, enter ""0"")"
FDFTC.Ttwftc677,"VALUE","","38 1/3% of total non-eligible taxable dividends paid in the tax year (amount 3B from Schedule 3)"
FDFTC.Ttwftc678,"VALUE","","Dividend refund"
FDFTC.Ttwftc682,"","","Adjusted aggregate investment income from Schedule 7 - 50,000"
FDFTC.Ttwftc683,"VALUE","","Business limit / Applicable factor"
FDFTC.Ttwftc686,"","","Employer deduction for non-qualified securities"
FDFTC.Ttwftc688,"","","If this return was prepared by a tax preparer for a fee, provide their: RepID"
FDFTC.Ttwftc689,"VALUE","","Is the corporation a covered entity that redeemed, acquired or cancelled equity of the corporation in the tax year?"
FDFTC.Ttwftc690,"VALUE","","Line 290 - Did the corporation meet the definition of substantive CCPC under subsection 248(1) at any time during the tax year?"
FDFTC.Ttwftc691,"VALUE","","Is the corporation subject to the excessive interest and financing expenses limitation (EIFEL) rules contained primarily in sections 18.2 and 18.21, or is it a party to any election under the EIFEL rules?"
FDASC.Ttwasc31,"","","The % of the annual business limit required to maximize the small business deduction is"
FDASC.Ttwasc32,"VALUE","","The % of the annual business limit can be attributed to an associated corporation is"
FDASC.Ttwasc76,"VALUE","","Enter the calendar year the agreement applies to"
FDASC.Ttwasc80,"VALUE","","Is this an amended agreement for the above calendar year that is intended to replace an agreement previously filed by any of the associated corporations listed below?|`Yes|`No"
FDASC.Ttwasc268,"VALUE","","Business limit allocated - Total"
FDASC.Ttwasc271,"","","Percentage of the business limit - Total"
FDASC.Ttwasc272,"","","Reduced business limit - Total"
FDASC.Ttwasc273,"","","Unused business limit - Total"
FDASC.Ttwasc274,"","","SBD - Total"
FDASC.Ttwasc275,"VALUE","","Part I tax payable - Total"
FDASC.Ttwasc276,"","","Closing balance of the general rate income pool (GRIP) - Total"
HSRAT.FD.RestrictedFarmLosses2500,"VALUE","","Restriction farm losses - Basic amount"
HSRAT.FD.Ttwrat1191,"VALUE","","Small business deduction - Rate"
HSRAT.FD.Ttwrat1228,"VALUE","","Business limit reduction - Minimum threshold - Adjusted aggregate investment income"
HSRAT.FD.Ttwrat1345,"VALUE","","Business limit reduction - Applicable factor - Taxable capital employed in Canada"
HSRAT.FD.Ttwrat2284,"VALUE","","Refundable portion of Part 1 tax - Applicable rate for foreign investment income"
HSRAT.FD.Ttwrat2285,"VALUE","","Refundable portion of Part 1 tax - Applicable rate for aggregate investment income"
HSRAT.FD.Ttwrat2286,"VALUE","","Refundable portion of Part 1 tax - Applicable rate for aggregate investment income"
HSRAT.FD.Ttwrat2283,"VALUE","","Refundable portion of Part 1 tax - Applicable rate for aggregate investment income"
HSRAT.FD.Ttwrat2586,"VALUE","","Refundable portion of Part 1 tax - Applicable multiplication factor for federal foreign non-business income tax credit"
HSRAT.FD.Ttwrat2587,"VALUE","","Refundable portion of Part 1 tax - Applicable multiplication factor for federal foreign non-business income tax credit"
IDENT.Ident6,"VALUE","","Corporation's name"
IDENT.Ident8,"","","Line 750 - Provincial or territorial jurisdiction"
IDENT.Ident126,"VALUE","","Line 063 - Has there been an acquisition of control resulting in the application of subsection 249(4) since the tax year start on line 060?"
IDENT.Ident127,"","","Line 065 - If yes, provide the date control was acquired"
IDENT.Ident161,"","","Line 040 - Specify other type of corporation for box 5"
IDENT.Ident167,"","","Line 043 - If the type of corporation changed during the tax year, provide the effective date of the change"
IDENT.Ident170,"VALUE","","Line 067 - Is the corporation a professional corporation that is a member of a partnership?"
IDENT.Ident180,"VALUE","","Line 080 - Is the corporation a resident of Canada?"
IDENT.Ident181,"","","Line 081 - If no at line 080, give the country of residence and complete and attach Schedule 97."
IDENT.Ident182,"VALUE","","Line 082 - Is the non-resident corporation claiming an exemption under an income tax treaty? If yes, complete and attach Schedule 91."
IDENT.Ident183,"VALUE","","Line 010 - Has this address changed since the last time the CRA was notified?"
IDENT.Ident184,"","","Address (line 1) - Head office"
IDENT.Ident185,"","","Address (line 2) - Head office"
IDENT.Ident186,"","","City - Head office"
IDENT.Ident187,"","","Province - Head office"
IDENT.Ident188,"","","Line 017 - Address of head office - Country (other than Canada)"
IDENT.Ident189,"","","Postal Code - Head office"
IDENT.Ident190,"","","Zip Code - Head office"
IDENT.Ident194,"VALUE","","Line 020 - Mailing address (if different from head office  address) - Has this address changed since the last time the CRA was notified?"
IDENT.Ident195,"","","Line 021 - Mailing address - C/O"
IDENT.Ident196,"","","Line 022 - Mailing address - Address - line 1"
IDENT.Ident197,"","","Line 023 - Mailing address - Address - line 2"
IDENT.Ident198,"","","Line 025 - Mailing address - City"
IDENT.Ident199,"","","Line 026 - Mailing address - Province, territory, or state"
IDENT.Ident200,"","","Line 027 - Mailing address - Country (other than Canada)"
IDENT.Ident201,"","","Line 028 - Mailing address - Postal Code"
IDENT.Ident202,"","","Mailing address - Zip Code or Foreign postal code"
IDENT.Ident204,"","","Line 031 - Location of books and records - Address - line 1"
IDENT.Ident205,"","","Line 032 - Location of books and records - Address - line 2"
IDENT.Ident206,"","","Line 035 - Location of books and records - City"
IDENT.Ident207,"","","Line 036 - Location of books and records - Province, territory, or state"
IDENT.Ident208,"","","Line 037 - Location of books and records - Country (other than Canada)"
IDENT.Ident209,"","","Line 038 - Location of books and records - Postal Code"
IDENT.Ident210,"","","Line 038 - Location of books and records - Zip Code or Foreign postal code"
IDENT.Ident212,"","","Line 950 - Authorized signing officer of the corporation - Last name"
IDENT.Ident213,"","","Line 951 - Authorized signing officer of the corporation - First name"
IDENT.Ident214,"","","Line 954 - Authorized signing officer of the corporation - Position, office, or rank"
IDENT.Ident216,"","","Line 959 - Other authorized person if different from authorized signing officer - Telephone number"
IDENT.Ident224,"VALUE","","Line 957 - Is the contact person the same as the authorized signing officer? |`1 Yes|`2 No"
IDENT.Ident240,"","","Line 070 - Is this the first year of filing after incorporation?"
IDENT.Ident241,"VALUE","","Line 071 - Is this the first year of filing after amalgamation?"
IDENT.Ident242,"VALUE","","Line 072 - Has there been a wind-up of a subsidiary under section 88 during the current tax year?"
IDENT.Ident243,"VALUE","","Line 076 - Is this the final tax year before amalgamation?"
IDENT.Ident244,"VALUE","","Line 078 - Is this the final return up to dissolution?"
IDENT.Ident250,"VALUE","","Line 280 - Is the corporation inactive?"
IDENT.Ident254,"","","Line 284 - Specify the principal products mined, manufactured, sold, constructed, or services provided"
IDENT.Ident255,"","","Line 286 - Specify the principal products mined, manufactured, sold, constructed, or services provided"
IDENT.Ident256,"","","Line 288 - Specify the principal products mined, manufactured, sold, constructed, or services provided"
IDENT.Ident257,"","","Line 285 - Give approximate percentage of the total revenue that product or service at line 284 represents."
IDENT.Ident258,"","","Line 287 - Give approximate percentage of the total revenue that product or service at line 286 represents."
IDENT.Ident259,"","","Line 289 - Give approximate percentage of the total revenue that product or service at line 288 represents."
IDENT.Ident302,"VALUE","","Line 291 - Did the corporation immigrate to Canada during the tax year?|`Yes|`No"
IDENT.Ident303,"VALUE","","Line 292 - Did the corporation emigrate from Canada during the tax year?|`Yes|`No"
IDENT.Ident308,"","","Line 896 - If the corporation is a Canadian-controlled private corporation throughout the tax year, does it qualify for the one-month extension of the date the balance of tax is due?|`1 Yes|`2 No"
IDENT.Ident309,"","","Line 958 - Other authorized person if different from authorized signing officer"
IDENT.Ident310,"","","Line 956 - Authorized signing officer of the corporation - Phone"
IDENT.Ident317,"","","If the corporation is exempt from tax under section 149, tick one of the following boxes:|`1 - Exempt under paragraph 149(1)(e) or (l)|`2 - Exempt under paragraph 149(1)(j) ||`4 - Exempt under other paragraphs of section 149"
IDENT.Ident338,"VALUE","","Line 030 - Has this address changed since the last time the CRA was notified?"
IDENT.Ident387,"VALUE","","Has the corporation made an election under subsection 89(11) not to be a CCPC in the current year?"
IDENT.Ident230,"VALUE","","Line 990 - Indicate your language of correspondence of your choice.|`English|`Fran�ais"
IDENT.Ident160,"","","Line 040 - Type of corporation at the end of the tax year|`1 - CCPC|`2 - Other private corporation|`3 - Public corporation|`4 - Corporation controlled by a public corporation|`5 - Other corporation (specify)"
IDENT.Ident394,"VALUE","","Line 066 - Is the date on line 061 a deemed tax year-end according to subsection 249(3.1)?"
IDENT.Ident395,"VALUE","","Has the corporation revoked any previous election made under subsection 89(11) in the current year?"
IDENT.HeaderBin,"","","Business number"
IDENT.HeaderEndDate,"VALUE","","End of Tax Year"
IDENT.HeaderStartDate,"VALUE","","Start of Tax Year"
IDENT.Ident402,"","","Line 293 - Do you want to be considered as a quarterly instalment remitter if you are eligible?|`Yes|`No"
IDENT.Ident403,"","","Line 294 - If the corporation was eligible to remit instalments on a quarterly basis for part of the tax year, provide the date the corporation ceased to be eligible"
IDENT.Ident404,"","","Line 295 - If the corporation's major business activity is construction, did you have any subcontractors during the tax year?|`Yes|`No"
IDENT.Ident422,"","","What is the corporation's main revenue-generating business activity?"
IDENT.Ident431,"VALUE","","Was this return prepared by a tax preparer for a fee? (T2 line 920 and AT1 line 095)"
IDENT.Ident432,"","","If this return was prepared by a tax preparer for a fee, provide their: EFILE number"
MJRAW.SLIPA[1].TtwrawA1,"VALUE","","Name of associated eligible persons and partnerships"
MJRAW.SLIPA[1].TtwrawA3,"","","Business number of the associated corporations"
MJRAW.SLIPA[1].TtwrawA16,"VALUE","","Association code"
MJRAW.SLIPA[1].TtwrawA172,"VALUE","","Business limit allocated"
MJRAW.SLIPA[1].TtwrawA195,"","","Percentage of the business limit"
MJRAW.SLIPA[1].TtwrawA198,"VALUE","","Business limit before allocation"
MJRAW.SLIPA[1].TtwrawA302,"","","Reduced business limit"
MJRAW.SLIPA[1].TtwrawA303,"","","Unused business limit"
MJRAW.SLIPA[1].TtwrawA304,"","","Percentage required to maximize the SBD %"
MJRAW.SLIPA[1].TtwrawA305,"","","SBD"
MJRAW.SLIPA[1].TtwrawA306,"VALUE","","Part I tax payable"
MJRAW.SLIPA[1].TtwrawA347,"","","Closing balance of the general rate income pool (GRIP)"
MJRAW.SLIPA[1].CompteurOcc23,"VALUE","","Counter"
CCRTG[1].Ttcrtg1,"VALUE","","Is this the corporation's first taxation year that includes January 1, 2006?"
CCRTG[1].Ttcrtg2,"VALUE","","If not, what is the date of the taxation year end of the corporation's first year that includes January 1, 2006? Enter the date and go directly to question 4."
CCRTG[1].Ttcrtg3,"","","During that first year, was the corporation a CCPC or would it have been a CCPC if not for the election of subsection 89(11) ITA?"
CCRTG[1].Ttcrtg4,"VALUE","","Corporations that become a CCPC or a DIC"
CCRTG[1].Ttcrtg5,"VALUE","","Corporations that were formed as a result of an amalgamation"
CCRTG[1].Ttcrtg6,"","","Was one or more of the predecessor corporations neither a CCPC nor a DIC?"
CCRTG[1].Ttcrtg7,"","","Was one or more of the predecessor corporation a CCPC or a DIC during the taxation year that ended immediately before amalgamation?"
CCRTG[1].Ttcrtg8,"VALUE","","Has the corporation wound-up a subsidiary in the preceding taxation year?"
CCRTG[1].Ttcrtg9,"","","Was the subsidiary neither a CCPC nor a DIC during its last taxation year?"
CCRTG[1].Ttcrtg10,"","","Was the subsidiary a CCPC or a DIC during its last taxation year?"
CCRTG[1].Ttcrtg11,"VALUE","","Do you want to display all of the parts?"
CCRTG[1].Ttcrtg14,"","","GRIP at the end of the year (line 490 minus line 560)"
CCRTG[1].Ttcrtg15,"","","GRIP at the end of the previous tax year"
CCRTG[1].Ttcrtg16,"","","Taxable income for the year (DICs enter ""0"")"
CCRTG[1].Ttcrtg17,"","","Amount on line 400, 405, 410, or 428 of the T2 return, whichever is the least"
CCRTG[1].Ttcrtg18,"","","For a CCPC, the lesser of aggregate investment income (line 440 of the T2 return) and taxable income"
CCRTG[1].Ttcrtg19,"","","Income taxable at the general corporate rate (line 110 minus amount A) (if negative enter ""0"")"
CCRTG[1].Ttcrtg20,"VALUE","","Nominal rate"
CCRTG[1].Ttcrtg21,"","","After-tax income (line 150 multiplied by the general rate factor for the tax year)"
CCRTG[1].Ttcrtg23,"","","Dividends deductible under section 113 received in the tax year"
CCRTG[1].Ttcrtg24,"","","Subtotal (line 200 plus line 210)"
CCRTG[1].Ttcrtg25,"","","Subtotal (add lines 220, 230, and 240)"
CCRTG[1].Ttcrtg26,"","","Eligible dividends paid in the previous tax year"
CCRTG[1].Ttcrtg27,"","","Excessive eligible dividend designations made in the previous tax year"
CCRTG[1].Ttcrtg28,"","","Subtotal (line 300 minus line 310)"
CCRTG[1].Ttcrtg32,"VALUE","","Nominal rate"
CCRTG[1].Ttcrtg33,"","","Total GRIP adjustment for specified future tax consequences to previous tax years (amount L3 in Part 2)"
CCRTG[1].Ttcrtg54,"","","Eligible dividends received in the tax year"
CCRTG[1].Ttcrtg59,"","","Was the corporation a CCPC during its preceding taxation year?"
CCRTG[1].Ttcrtg63,"","","GRIP before adjustment for specified future tax consequences (amount C minus amount D) (amount can be negative)"
CCRTG[1].Ttcrtg64,"","","GRIP addition for 2006 (the greater of amount QQ from Part 5 or ""0"")"
CCRTG[1].Ttcrtg76,"VALUE","","On:"
CCRTG[1].Ttcrtg78,"","","Subtotal (line 130 plus line 140)"
CCRTG[1].Ttcrtg79,"","","Becoming a CCPC (amount W5 in Part 4)"
CCRTG[1].Ttcrtg80,"","","Post-amalgamation (total of amount E4 in Part 3 and amount W5 in Part 4)"
CCRTG[1].Ttcrtg81,"","","Post-wind-up (total of amount E4 in Part 3 and amount W5 in Part 4)"
CCRTG[1].Ttcrtg82,"","","Subtotal (add lines 100, 190, 290, and amount B)"
CCRTG[1].Ttcrtg83,"","","Taxable income before specified future tax consequences from the current tax year"
CCRTG[1].Ttcrtg85,"","","Enter the following amounts before specified future tax consequences from the current tax year: Amount on line 400, 405, 410, or 428 of the T2 return, whichever is the least"
CCRTG[1].Ttcrtg86,"","","Enter the following amounts before specified future tax consequences from the current tax year: Aggregate investment income (line 440 of the T2 return)"
CCRTG[1].Ttcrtg87,"","","Subtotal (amount B1 plus amount C1)"
CCRTG[1].Ttcrtg88,"","","Subtotal (amount A1 minus amount D1) (if negative, enter ""0"")"
CCRTG[1].Ttcrtg89,"","","Taxable income after specified future tax consequences"
CCRTG[1].Ttcrtg91,"","","Enter the following amounts after specified future tax consequences: Amount on line 400, 405, 410, or 428 of the T2 return, whichever is the least"
CCRTG[1].Ttcrtg92,"","","Enter the following amounts after specified future tax consequences: Aggregate investment income (line 440 of the T2 return)"
CCRTG[1].Ttcrtg93,"","","Subtotal (amount G1 plus amount H1)"
CCRTG[1].Ttcrtg94,"","","Subtotal (amount F1 minus amount I1) (if negative, enter ""0"")"
CCRTG[1].Ttcrtg95,"","","Subtotal (amount E1 minus amount J1) (if negative, enter ""0"")"
CCRTG[1].Ttcrtg96,"","","GRIP adjustment for specified future tax consequences to the first previous tax year (amount K1 multiplied by the general rate factor)"
CCRTG[1].Ttcrtg97,"","","Taxable income before specified future tax consequences from the current tax year"
CCRTG[1].Ttcrtg99,"","","Enter the following amounts before specified future tax consequences from the current tax year: Amount on line 400, 405, 410, or 428 of the T2 return, whichever is the least"
CCRTG[1].Ttcrtg100,"","","Enter the following amounts before specified future tax consequences from the current tax year: Aggregate investment income (line 440 of the T2 return)"
CCRTG[1].Ttcrtg101,"","","Subtotal (amount B2 plus amount C2)"
CCRTG[1].Ttcrtg102,"","","Subtotal (amount A2 minus amount D2) (if negative, enter ""0"")"
CCRTG[1].Ttcrtg103,"","","Taxable income after specified future tax consequences"
CCRTG[1].Ttcrtg105,"","","Enter the following amounts after specified future tax consequences: Amount on line 400, 405, 410, or 428 of the T2 return, whichever is the least"
CCRTG[1].Ttcrtg106,"","","Enter the following amounts after specified future tax consequences: Aggregate investment income (line 440 of the T2 return)"
CCRTG[1].Ttcrtg107,"","","Subtotal (amount G2 plus amount H2)"
CCRTG[1].Ttcrtg108,"","","Subtotal (amount F2 minus amount I2) (if negative, enter ""0"")"
CCRTG[1].Ttcrtg109,"","","Subtotal (amount E2 minus amount J2) (if negative, enter ""0"")"
CCRTG[1].Ttcrtg110,"VALUE","","Nominal rate"
CCRTG[1].Ttcrtg111,"","","GRIP adjustment for specified future tax consequences to the second previous tax year (amount K2 multiplied by the general rate factor)"
CCRTG[1].Ttcrtg112,"","","Taxable income before specified future tax consequences from the current tax year"
CCRTG[1].Ttcrtg114,"","","Enter the following amounts before specified future tax consequences from the current tax year: Amount on line 400, 405, 410, or 428 of the T2 return, whichever is the least"
CCRTG[1].Ttcrtg115,"","","Enter the following amounts before specified future tax consequences from the current tax year: Aggregate investment income (line 440 of the T2 return)"
CCRTG[1].Ttcrtg116,"","","Subtotal (amount B3 plus amount C3)"
CCRTG[1].Ttcrtg117,"","","Subtotal (amount A3 minus amount D3) (if negative, enter ""0"")"
CCRTG[1].Ttcrtg118,"","","Taxable income after specified future tax consequences"
CCRTG[1].Ttcrtg120,"","","Enter the following amounts after specified future tax consequences: Amount on line 400, 405, 410, or 428 of the T2 return, whichever is the least"
CCRTG[1].Ttcrtg121,"","","Enter the following amounts after specified future tax consequences: Aggregate investment income (line 440 of the T2 return)"
CCRTG[1].Ttcrtg122,"","","Subtotal (amount G3 plus amount H3)"
CCRTG[1].Ttcrtg123,"","","Subtotal (amount F3 minus amount I3) (if negative, enter ""0"")"
CCRTG[1].Ttcrtg124,"","","Subtotal (amount E3 minus amount J3) (if negative, enter ""0"")"
CCRTG[1].Ttcrtg125,"VALUE","","Nominal rate"
CCRTG[1].Ttcrtg126,"","","GRIP adjustment for specified future tax consequences to the third previous tax year (amount K3 multiplied by the general rate factor)"
CCRTG[1].Ttcrtg127,"","","Total GRIP adjustment for specified future tax consequences to previous tax years: (add lines 500, 520, and 540) (if negative, enter ""0"")"
CCRTG[1].Ttcrtg133,"","","GRIP addition for 2006 (add lines 951, 952, 953, 954, and 955)"
CCRTG[1].Ttcrtg134,"","","Non-capital loss carry-back (paragraph 111 (1)(a) ITA) - Amount carried back from the current year to a prior year"
CCRTG[1].Ttcrtg135,"","","Capital loss carry-back - Amount carried back from the current year to a prior year"
CCRTG[1].Ttcrtg136,"","","Restricted farm loss carry-back - Amount carried back from the current year to a prior year"
CCRTG[1].Ttcrtg137,"","","Farm loss carry-back - Amount carried back from the current year to a prior year"
CCRTG[1].Ttcrtg138,"","","Other - Amount carried back from the current year to a prior year"
CCRTG[1].Ttcrtg139,"","","Total carrybacks"
CCRTG[1].Ttcrtg140,"","","Non-capital loss carry-back (paragraph 111 (1)(a) ITA) - Amount carried back from the current year to a prior year"
CCRTG[1].Ttcrtg141,"","","Capital loss carry-back - Amount carried back from the current year to a prior year"
CCRTG[1].Ttcrtg142,"","","Restricted farm loss carry-back - Amount carried back from the current year to a prior year"
CCRTG[1].Ttcrtg143,"","","Farm loss carry-back - Amount carried back from the current year to a prior year"
CCRTG[1].Ttcrtg144,"","","Other - Amount carried back from the current year to a prior year"
CCRTG[1].Ttcrtg145,"","","Total carrybacks"
CCRTG[1].Ttcrtg146,"","","Non-capital loss carry-back (paragraph 111 (1)(a) ITA) - Amount carried back from the current year to a prior year"
CCRTG[1].Ttcrtg147,"","","Capital loss carry-back - Amount carried back from the current year to a prior year"
CCRTG[1].Ttcrtg148,"","","Restricted farm loss carry-back - Amount carried back from the current year to a prior year"
CCRTG[1].Ttcrtg149,"","","Farm loss carry-back - Amount carried back from the current year to a prior year"
CCRTG[1].Ttcrtg150,"","","Other - Amount carried back from the current year to a prior year"
CCRTG[1].Ttcrtg151,"","","Total carrybacks"
CCRTG[1].Ttcrtg152,"","","First previous tax year"
CCRTG[1].Ttcrtg153,"","","Second previous tax year"
CCRTG[1].Ttcrtg154,"","","Third previous tax year"
CCRTG[1].Ttcrtg155,"VALUE","","The CRA would like to receive Schedule 53 for any change made to the GRIP balance in the tax year as well as any eligible dividend paid during this period. If the corporation has not paid eligible dividends in the year and does not want to file Schedule 53, select the following box to disable printing of this form. Note that should you decide not to file this form, line 160 of Schedule 55 (GRIP at the end of the year) will not be calculated."
CCRTG[1].Ttcrtg156,"","","Enter the following amounts before specified future tax consequences from the current tax year: Accelerated tax reduction (line 637 of T2 return) multiplied by 100/7"
CCRTG[1].Ttcrtg157,"","","Enter the following amounts after specified future tax consequences: Accelerated tax reduction (line 637 of T2 return) multiplied by 100/7"
CCRTG[1].Ttcrtg158,"","","Enter the following amounts before specified future tax consequences from the current tax year: Accelerated tax reduction (line 637 of T2 return) multiplied by 100/7"
CCRTG[1].Ttcrtg159,"","","Enter the following amounts after specified future tax consequences: Accelerated tax reduction (line 637 of T2 return) multiplied by 100/7"
CCRTG[1].Ttcrtg162,"","","Has the corporation revoked any previous election made under subsection 89(11) in the previous year?"
CCRTG[1].Ttcrtg165,"VALUE","","Select the following box if you want to display part 5 in this copy"
GCRM.Ttgcrm31,"","","2001 - Taxable income for the year"
GCRM.Ttgcrm32,"","","2001- Income for manufacturing and processing profits deduction (lesser of amount V and Y in Part 9 of Schedule 27)"
GCRM.Ttgcrm33,"","","2001- Income for manufacturing and processing profits deduction - electrical energy, steam (amount QQ in Part 13 of Schedule 27)"
GCRM.Ttgcrm34,"","","2001 - Taxable resource income (line 435 of the T2 return)"
GCRM.Ttgcrm35,"","","2001- Income for the credit union deduction (amount 2D in Part 2 of Schedule 17)"
GCRM.Ttgcrm36,"","","2001- Income for the small business deduction (amount on line 400, 405, 410, and 425 of the T2 return, whichever is less)"
GCRM.Ttgcrm37,"","","2001 - Aggregate investment income (line 440 of the T2 return)"
GCRM.Ttgcrm38,"","","2001 - Subtotal (add rows 2 through 8)"
GCRM.Ttgcrm39,"","","2002 - Taxable income for the year"
GCRM.Ttgcrm40,"","","2002 - Income for manufacturing and processing profits deduction (lesser of amount V and Y in Part 9 of Schedule 27)"
GCRM.Ttgcrm41,"","","2002 - Income for manufacturing and processing profits deduction - electrical energy, steam (amount QQ in Part 13 of Schedule 27)"
GCRM.Ttgcrm42,"","","2002 - Taxable resource income (line 435 of the T2 return)"
GCRM.Ttgcrm43,"","","2002 - Income for the credit union deduction (amount 2D in Part 2 of Schedule 17)"
GCRM.Ttgcrm44,"","","2002 - Income for the small business deduction (amount on line 400, 405, 410, and 425 of the T2 return, whichever is less)"
GCRM.Ttgcrm45,"","","2002 - Aggregate investment income (line 440 of the T2 return)"
GCRM.Ttgcrm46,"","","2002 - Subtotal (add rows 2 through 8)"
GCRM.Ttgcrm47,"","","2003 - Taxable income for the year"
GCRM.Ttgcrm48,"","","2003 - Income for manufacturing and processing profits deduction (lesser of amount V and Y in Part 9 of Schedule 27)"
GCRM.Ttgcrm49,"","","2003 - Income for manufacturing and processing profits deduction - electrical energy, steam (amount QQ in Part 13 of Schedule 27)"
GCRM.Ttgcrm50,"","","2003 - Taxable resource income (line 435 of the T2 return)"
GCRM.Ttgcrm51,"","","2003 - Income for the credit union deduction (amount 2D in Part 2 of Schedule 17)"
GCRM.Ttgcrm52,"","","2003 - Income for the small business deduction (amount on line 400, 405, 410, and 425 of the T2 return, whichever is less)"
GCRM.Ttgcrm53,"","","2003 - Aggregate investment income (line 440 of the T2 return)"
GCRM.Ttgcrm54,"","","2003 - Subtotal (add rows 2 through 8)"
GCRM.Ttgcrm55,"","","2004 - Taxable income for the year"
GCRM.Ttgcrm58,"","","2004 - Taxable resource income (line 435 of the T2 return)"
GCRM.Ttgcrm59,"","","2004 - Income for the credit union deduction (amount 2D in Part 2 of Schedule 17)"
GCRM.Ttgcrm60,"","","2004 - Income for the small business deduction (amount on line 400, 405, 410, and 425 of the T2 return, whichever is less)"
GCRM.Ttgcrm61,"","","2004 - Aggregate investment income (line 440 of the T2 return)"
GCRM.Ttgcrm62,"","","2004 - Subtotal (add rows 2 through 8)"
GCRM.Ttgcrm63,"","","2005 - Taxable income for the year"
GCRM.Ttgcrm66,"","","2005 - Taxable resource income (line 435 of the T2 return)"
GCRM.Ttgcrm67,"","","2005 - Income for the credit union deduction (amount 2D in Part 2 of Schedule 17)"
GCRM.Ttgcrm68,"","","2005 - Income for the small business deduction (amount on line 400, 405, 410, and 425 of the T2 return, whichever is less)"
GCRM.Ttgcrm69,"","","2005 - Aggregate investment income (line 440 of the T2 return)"
GCRM.Ttgcrm70,"","","2005 - Subtotal (add rows 2 through 8)"
GCRM.Ttgcrm73,"","","2001 - Total taxable dividends paid by the corporation (dividends other than capital dividends under subsection 83(2) - from Schedule 3, the greater of the following amounts: i) line 460; and ii) line 500 minus line 510)"
GCRM.Ttgcrm76,"","","2002 - Total taxable dividends paid by the corporation (dividends other than capital dividends under subsection 83(2) - from Schedule 3, the greater of the following amounts: i) line 460; and ii) line 500 minus line 510)"
GCRM.Ttgcrm79,"","","2003 - Total taxable dividends paid by the corporation (dividends other than capital dividends under subsection 83(2) - from Schedule 3, the greater of the following amounts: i) line 460; and ii) line 500 minus line 510)"
GCRM.Ttgcrm82,"","","2004 - Total taxable dividends paid by the corporation (dividends other than capital dividends under subsection 83(2) - from Schedule 3, the greater of the following amounts: i) line 460; and ii) line 500 minus line 510)"
GCRM.Ttgcrm85,"","","2005 - Total taxable dividends paid by the corporation (dividends other than capital dividends under subsection 83(2) - from Schedule 3, the greater of the following amounts: i) line 460; and ii) line 500 minus line 510)"
GCRM.Ttgcrm89,"VALUE","","Select this check box if you want to import amounts from the Five Year Comparative Summary into this workchart."
GCRM.Ttgcrm90,"","","2001 - Dividends deductible under subsection 112(1) received from connected corporations, that are reasonably considered, to have been paid out of full rate taxable income in respect of the payer corporation"
GCRM.Ttgcrm91,"","","2002 - Dividends deductible under subsection 112(1) received from connected corporations, that are reasonably considered, to have been paid out of full rate taxable income in respect of the payer corporation"
GCRM.Ttgcrm92,"","","2003 - Dividends deductible under subsection 112(1) received from connected corporations, that are reasonably considered, to have been paid out of full rate taxable income in respect of the payer corporation"
GCRM.Ttgcrm93,"","","2004 - Dividends deductible under subsection 112(1) received from connected corporations, that are reasonably considered, to have been paid out of full rate taxable income in respect of the payer corporation"
GCRM.Ttgcrm94,"","","2005 - Dividends deductible under subsection 112(1) received from connected corporations, that are reasonably considered, to have been paid out of full rate taxable income in respect of the payer corporation"
GCRM.Ttgcrm97,"","","2001 - Income for the accelerated tax reduction (line 637 of the T2 return multiplied by 100/7)"
GCRM.Ttgcrm98,"","","2002 - Income for the accelerated tax reduction (line 637 of the T2 return multiplied by 100/7)"
GCRM.Ttgcrm99,"","","2003 - Income for the accelerated tax reduction (line 637 of the T2 return multiplied by 100/7)"
GCRM.Ttgcrm100,"","","2004 - Income for the accelerated tax reduction (line 637 of the T2 return multiplied by 100/7)"
GCRM.Ttgcrm101,"","","2001 - Full rate taxable income before specified future tax consequences (row 1 minus row 9) (if negative, enter ""0"")"
GCRM.Ttgcrm102,"","","2001 - Multiply row 10 by 68%"
GCRM.Ttgcrm103,"","","2002 - Full rate taxable income before specified future tax consequences (row 1 minus row 9) (if negative, enter ""0"")"
GCRM.Ttgcrm104,"","","2002 - Multiply row 10 by 68%"
GCRM.Ttgcrm105,"","","2003 - Full rate taxable income before specified future tax consequences (row 1 minus row 9) (if negative, enter ""0"")"
GCRM.Ttgcrm106,"","","2003 - Multiply row 10 by 68%"
GCRM.Ttgcrm107,"","","2004 - Full rate taxable income before specified future tax consequences (row 1 minus row 9) (if negative, enter ""0"")"
GCRM.Ttgcrm108,"","","2004 - Multiply row 10 by 68%"
GCRM.Ttgcrm109,"","","2005 - Full rate taxable income before specified future tax consequences (row 1 minus row 9) (if negative, enter ""0"")"
GCRM.Ttgcrm110,"","","2005 - Multiply row 10 by 68%"
GCRM.Ttgcrm111,"","","2001 - Subtotal (add row 11 and row 12)"
GCRM.Ttgcrm112,"","","2002 - Subtotal (add row 11 and row 12)"
GCRM.Ttgcrm113,"","","2003 - Subtotal (add row 11 and row 12)"
GCRM.Ttgcrm114,"","","2004 - Subtotal (add row 11 and row 12)"
GCRM.Ttgcrm115,"","","2005 - Subtotal (add row 11 and row 12)"
GCRM.Ttgcrm116,"VALUE","","Rate"
GCRM.Ttgcrm118,"","","2001 - GRIP addition (row 13 minus row 14)"
GCRM.Ttgcrm119,"","","2002 - GRIP addition (row 13 minus row 14)"
GCRM.Ttgcrm120,"","","2003 - GRIP addition (row 13 minus row 14)"
GCRM.Ttgcrm121,"","","2004 - GRIP addition (row 13 minus row 14)"
GCRM.Ttgcrm122,"","","2005 - GRIP addition (row 13 minus row 14)"
