[Probe Co. (Test)|0|0|67a6bfce-eb0c-4ee7-a978-aa45a3bd9875],"Current Year","Last Year",""
FDONE.Ttwone1,"444","","Total"
FDONE.Ttwone2,"","","Line 101 - Provision for income taxes - current"
FDONE.Ttwone3,"","","Line 102 - Provision for income taxes - deferred"
FDONE.Ttwone4,"","","Line 112 - Charitable donations and gifts from Schedule 2"
FDONE.Ttwone5,"","","Line 124 - Non-deductible company pension plans"
FDONE.Ttwone6,"","","Line 226 - Non-deductible advertising"
FDONE.Ttwone8,"","","Line 118 - Scientific research expenditures deducted per financial statements"
FDONE.Ttwone9,"","","Line 111 - Loss on disposal of assets"
FDONE.Ttwone11,"","","Line 104 - Amortization of tangible assets"
FDONE.Ttwone13,"","","Line 103 - Interest and penalties on taxes"
FDONE.Ttwone14,"","","Line 114 - Total political contributions"
FDONE.Ttwone15,"","","Line 125 - Other reserves on lines 270 and 275 from Schedule 13"
FDONE.Ttwone16,"","","Line 126 - Reserves from financial statements - balance at the end of the year"
FDONE.Ttwone17,"","","Line 120 - Non-deductible club dues and fees"
FDONE.Ttwone20,"","","Line 121 - Non-deductible meals and entertainment expenses"
FDONE.Ttwone21,"","","Line 122 - Non-deductible automobile expenses"
FDONE.Ttwone23,"","","Line 127 - Soft costs on construction and renovation of buildings"
FDONE.Ttwone24,"","","Line 232 - Resource amounts deducted"
FDONE.Ttwone29,"","","Charitable donations and gifts from Schedule 2 - Line 8522 of the GIFI - Amount"
FDONE.Ttwone30,"","","Charitable donations and gifts from Schedule 2 - Total donations and gifts from Schedule 2 - Amount"
FDONE.Ttwone34,"0","","Line 500 - Total additions"
FDONE.Ttwone36,"1800","","Line 403 - Capital cost allowance from Schedule 8"
FDONE.Ttwone39,"","","Line 401 - Gain on disposal of assets per financial statements"
FDONE.Ttwone42,"","","Line 402 - Non-taxable dividends under section 83 from Schedule 3"
FDONE.Ttwone43,"","","Line 413 - Other reserves on line 280 from Schedule 13"
FDONE.Ttwone44,"","","Line 407 - Foreign non-business tax deduction under subsection 20(12)"
FDONE.Ttwone45,"","","Charitable donations and gifts from Schedule 2 - Other amount (specify) - Amount"
FDONE.Ttwone47,"","","Line 411 - SR&ED expenditures claimed in the year on line 460 from Form T661"
FDONE.Ttwone51,"","","Line 396 - Total of column 2"
FDONE.Ttwone52,"","","Line 248 - Book loss of joint ventures"
FDONE.Ttwone62,"1800","","Line 510 - Total deductions"
FDONE.Ttwone64,"0","","Line 113 - Taxable capital gains from Schedule 6"
FDONE.Ttwone65,"","","Line 406 - Allowable business investment loss from Schedule 6"
FDONE.Ttwone66,"'-1356","","Net income (loss) for income tax purposes (amount B minus line 510)"
FDONE.Ttwone90,"","","Farm income"
FDONE.Ttwone92,"","","Line 315 - Payments made for allocations in proportion to borrowing and bonus interest payments from Schedule 17"
FDONE.Ttwone93,"","","Line 414 - Reserves from financial statements - balance at the beginning of the year"
FDONE.Ttwone132,"","","Line 416 - Patronage dividend deduction from Schedule 16"
FDONE.Ttwone139,"","","Line 105 - Amortization of natural resource assets"
FDONE.Ttwone140,"","","Line 106 - Amortization of intangible assets"
FDONE.Ttwone141,"0","","Line 107 - Recapture of capital cost allowance from Schedule 8"
FDONE.Ttwone152,"","","Line 404 - Terminal loss from Schedule 8"
FDONE.Ttwone144,"","","Line 110 - Loss in equity of subsidiaries and affiliates"
FDONE.Ttwone145,"","","Line 115 - Holdbacks"
FDONE.Ttwone146,"","","Line 116 - Deferred and prepaid expenses"
FDONE.Ttwone147,"","","Line 117 - Depreciation in inventory - end of year"
FDONE.Ttwone148,"","","Line 119 - Capitalized interest"
FDONE.Ttwone149,"","","Line 123 - Non-deductible life insurance premiums"
FDONE.Ttwone150,"0","","Subtotal"
FDONE.Ttwone151,"","","Line 199 - Subtotal"
FDONE.Ttwone153,"","","Line 408 - Holdbacks"
FDONE.Ttwone154,"","","Line 409 - Deferred and prepaid expenses"
FDONE.Ttwone155,"","","Line 410 - Depreciation in inventory - end of prior year"
FDONE.Ttwone156,"","","Line 417 - Contributions to deferred income plans from Schedule 15"
FDONE.Ttwone157,"1800","","Subtotal"
FDONE.Ttwone158,"","","Line 499 - Subtotal"
FDONE.Ttwone159,"","","Line 201 - Accounts payable and accruals for cash basis - closing"
FDONE.Ttwone160,"","","Line 202 - Accounts receivable and prepaid for cash basis - opening"
FDONE.Ttwone161,"","","Line 203 - Accrual inventory - opening"
FDONE.Ttwone162,"","","Line 204 - Accrued dividends - prior year"
FDONE.Ttwone163,"","","Line 249 - Book loss of partnerships"
FDONE.Ttwone164,"","","Line 206 - Capital items expensed"
FDONE.Ttwone165,"","","Line 418 - Incorporation expenses under paragraph 20(1)(b)"
FDONE.Ttwone166,"","","Line 208 - Debt issue expense"
FDONE.Ttwone167,"","","Line 209 - Deemed dividend income"
FDONE.Ttwone168,"","","Line 210 - Deemed interest on loans to non-residents"
FDONE.Ttwone169,"","","Line 211 - Deemed interest received"
FDONE.Ttwone170,"","","Line 212 - Development expenses claimed in current year"
FDONE.Ttwone171,"","","Line 213 - Dividend stop-loss adjustment"
FDONE.Ttwone172,"","","Line 214 - Dividends credited to the investment account"
FDONE.Ttwone173,"","","Line 215 - Exploration expenses claimed in current year"
FDONE.Ttwone174,"","","Line 216 - Financing fees deducted in books"
FDONE.Ttwone175,"","","Line 217 - Foreign accrual property income"
FDONE.Ttwone176,"","","Line 218 - Foreign affiliate property income"
FDONE.Ttwone177,"","","Line 219 - Foreign exchange included in retained earnings"
FDONE.Ttwone178,"","","Line 220 - Gain on settlement of debt"
FDONE.Ttwone179,"","","Line 221 - Interest paid on income debentures"
FDONE.Ttwone180,"","","Line 222 - Limited partnership losses from Schedule 4"
FDONE.Ttwone182,"","","Line 224 - Mandatory inventory adjustment - included in current year"
FDONE.Ttwone183,"","","Prior year - Line 418 - Incorporation expenses under paragraph 20(1)(b)"
FDONE.Ttwone184,"","","Line 227 - Non-deductible interest"
FDONE.Ttwone185,"","","Line 228 - Non-deductible legal and accounting fees"
FDONE.Ttwone186,"","","Line 229 - Optional value of inventory - included in current year"
FDONE.Ttwone187,"","","Line 230 - Total other expenses from financial statements"
FDONE.Ttwone188,"","","Line 231 - Recapture of SR&ED expenditures from Form T661"
FDONE.Ttwone189,"","","Line 233 - Restricted farm losses - current year from Schedule 4"
FDONE.Ttwone190,"","","Line 234 - Sales tax assessments"
FDONE.Ttwone191,"","","Line 235 - Share issue expense"
FDONE.Ttwone192,"","","Line 236 - Write-down of capital property"
FDONE.Ttwone193,"","","Line 237 - Amounts received in respect of qualifying environmental trust per paragraphs 12(1)(z.1) and 12(1)(z.2)"
FDONE.Ttwone194,"","","Line 300 - Accounts payable and accruals for cash basis - opening"
FDONE.Ttwone195,"","","Line 301 - Accounts receivable and prepaid for cash basis - closing"
FDONE.Ttwone196,"","","Line 302 - Accrual inventory - closing"
FDONE.Ttwone197,"","","Line 303 - Accrued dividends - current year"
FDONE.Ttwone198,"","","Line 304 - Bad debt"
FDONE.Ttwone199,"","","Line 349 - Book income of partnership"
FDONE.Ttwone200,"","","Line 306 - Equity in income from subsidiaries or affiliates"
FDONE.Ttwone201,"","","Line 307 - Exempt income under section 81"
FDONE.Ttwone203,"","","Line 309 - Mandatory inventory adjustment - included in prior year"
FDONE.Ttwone204,"","","Line 310 - Contributions to a qualifying environmental trust"
FDONE.Ttwone205,"","","Line 311 - Non-Canadian advertising expenses - broadcasting"
FDONE.Ttwone206,"","","Line 312 - Non-Canadian advertising expenses - printed materials"
FDONE.Ttwone207,"","","Line 313 - Optional value of inventory - included in prior year"
FDONE.Ttwone208,"","","Line 314 - Total other income per financial statements"
FDONE.Ttwone209,"","","Line 340 - Canadian development expenses from Schedule 12"
FDONE.Ttwone210,"","","Line 341 - Canadian exploration expenses from Schedule 12"
FDONE.Ttwone211,"","","Line 342 - Canadian oil and gas property expenses from Schedule 12"
FDONE.Ttwone213,"","","Line 344 - Depletion from Schedule 12"
FDONE.Ttwone214,"","","Line 345 - Foreign exploration and development expenses from Schedule 12"
FDONE.Ttwone215,"","","Other expenses from financial statements - for credit unions"
FDONE.Ttwone216,"","","Other expenses from financial statements - for non-credit unions"
FDONE.Ttwone217,"","","Other income from financial statements - for credit unions"
FDONE.Ttwone218,"","","Other income from financial statements - for non-credit unions"
FDONE.Ttwone228,"","","Other expenses from financial statements - for resource loss"
FDONE.Ttwone229,"444","","Net income (loss) after taxes and extraordinary items from line 9999 of Schedule 125"
FDONE.Ttwone230,"","","Net income (loss) after extraordinary items from line 110 of Schedule 150"
FDONE.Ttwone232,"","","Line 296 - Total of column 2"
FDONE.Ttwone233,"","","Prior year - Line 248 - Book loss of joint ventures"
FDONE.Ttwone234,"","","Prior year - Net income (loss) after taxes and extraordinary items from line 9999 of Schedule 125"
FDONE.Ttwone237,"","","Line 238 - Contractors' completion method adjustment: revenue net of costs on contracts under two years - previous year"
FDONE.Ttwone238,"","","Line 316 - Contractors' completion method adjustment: revenue net of costs on contracts under two years - current year"
FDONE.Ttwone240,"","","Line 348 - Book income of joint venture"
FDONE.Ttwone241,"","","Provincial political donations (except Québec)"
FDONE.Ttwone242,"","","Québec political donations"
FDONE.Ttwone245,"","","Line 128 - Non-deductible fines and penalties under section 67.6"
FDONE.Ttwone250,"","","Prior year - Total"
FDONE.Ttwone251,"","","Prior year - Line 101 - Provision for income taxes - current"
FDONE.Ttwone252,"","","Prior year - Line 102 - Provision for income taxes - deferred"
FDONE.Ttwone253,"","","Prior year - Line 103 - Interest and penalties on taxes"
FDONE.Ttwone254,"","","Prior year - Line 104 - Amortization of tangible assets"
FDONE.Ttwone255,"","","Prior year - Line 105 - Amortization of natural resource assets"
FDONE.Ttwone256,"","","Prior year - Line 106 - Amortization of intangible assets"
FDONE.Ttwone257,"","","Prior year - Line 107 - Recapture of capital cost allowance from Schedule 8"
FDONE.Ttwone260,"","","Prior year - Line 110 - Loss in equity of subsidiaries and affiliates"
FDONE.Ttwone261,"","","Prior year - Line 111 - Loss on disposal of assets"
FDONE.Ttwone262,"","","Prior year - Line 112 - Charitable donations and gifts from Schedule 2"
FDONE.Ttwone263,"","","Prior year - Line 113 - Taxable capital gains from Schedule 6"
FDONE.Ttwone264,"","","Prior year - Federal and Provincial political donations (except Quebec)"
FDONE.Ttwone265,"","","Prior year - Quebec political donations"
FDONE.Ttwone266,"","","Prior year - Line 114 - Total political donations"
FDONE.Ttwone267,"","","Prior year - Line 115 - Holdbacks"
FDONE.Ttwone268,"","","Prior year - Line 116 - Deferred and prepaid expenses"
FDONE.Ttwone269,"","","Prior year - Line 117 - Depreciation in inventory - end of year"
FDONE.Ttwone270,"","","Prior year - Line 118 - Scientific research expenditures deducted per financial statements"
FDONE.Ttwone271,"","","Prior year - Line 119 - Capitalized interest"
FDONE.Ttwone272,"","","Prior year - Line 120 - Non-deductible club dues and fees"
FDONE.Ttwone273,"","","Prior year - Line 121 - Non-deductible meals and entertainment expenses"
FDONE.Ttwone274,"","","Prior year - Line 122 - Non-deductible automobile expenses"
FDONE.Ttwone275,"","","Prior year - Line 123 - Non-deductible life insurance premiums"
FDONE.Ttwone276,"","","Prior year - Line 124 - Non-deductible company pension plans"
FDONE.Ttwone277,"","","Prior year - Line 125 - Other reserves on lines 270 and 275 from Schedule 13"
FDONE.Ttwone278,"","","Prior year - Line 126 - Reserves from financial statements - balance at the end of the year"
FDONE.Ttwone279,"","","Prior year - Line 127 - Soft costs on construction and renovation of buildings"
FDONE.Ttwone280,"","","Prior year - Line 128 - Non-deductible fines and penalties under section 67.6"
FDONE.Ttwone281,"","","Prior year - Subtotal"
FDONE.Ttwone282,"","","Prior year - Line 201 - Accounts payable and accruals for cash basis - closing"
FDONE.Ttwone283,"","","Prior year - Line 202 - Accounts receivable and prepaid for cash basis - opening"
FDONE.Ttwone284,"","","Prior year - Line 203 - Accrual inventory - opening"
FDONE.Ttwone285,"","","Prior year - Line 204 - Accrued dividends - prior year"
FDONE.Ttwone286,"","","Prior year - Line 249 - Book loss of partnerships"
FDONE.Ttwone287,"","","Prior year - Line 206 - Capital items expensed"
FDONE.Ttwone288,"","","Prior year - Net income (loss) after extraordinary items from line 110 of Schedule 150"
FDONE.Ttwone292,"","","Prior year - Line 208 - Debt issue expense"
FDONE.Ttwone293,"","","Prior year - Line 209 - Deemed dividend income"
FDONE.Ttwone294,"","","Prior year - Line 210 - Deemed interest on loans to non-residents"
FDONE.Ttwone295,"","","Prior year - Line 211 - Deemed interest received"
FDONE.Ttwone296,"","","Prior year - Line 212 - Development expenses claimed in current year"
FDONE.Ttwone297,"","","Prior year - Line 213 - Dividend stop-loss adjustment"
FDONE.Ttwone298,"","","Prior year - Line 214 - Dividends credited to the investment account"
FDONE.Ttwone299,"","","Prior year - Line 215 - Exploration expenses claimed in current year"
FDONE.Ttwone300,"","","Prior year - Line 216 - Financing fees deducted in books"
FDONE.Ttwone301,"","","Prior year - Line 217 - Foreign accrual property income"
FDONE.Ttwone302,"","","Prior year - Line 218 - Foreign affiliate property income"
FDONE.Ttwone303,"","","Prior year - Line 219 - Foreign exchange included in retained earnings"
FDONE.Ttwone304,"","","Prior year - Line 220 - Gain on settlement of debt"
FDONE.Ttwone305,"","","Prior year - Line 221 - Interest paid on income debentures"
FDONE.Ttwone306,"","","Prior year - Line 222 - Limited partnership losses from Schedule 4"
FDONE.Ttwone308,"","","Prior year - Line 224 - Mandatory inventory adjustment - included in current year"
FDONE.Ttwone310,"","","Prior year - Line 226 - Non-deductible advertising"
FDONE.Ttwone311,"","","Prior year - Line 227 - Non-deductible interest"
FDONE.Ttwone312,"","","Prior year - Line 228 - Non-deductible legal and accounting fees"
FDONE.Ttwone313,"","","Prior year - Line 229 - Optional value of inventory - included in current year"
FDONE.Ttwone314,"","","Prior year - Other expenses from financial statements - for credit unions"
FDONE.Ttwone315,"","","Prior year - Other expenses from financial statements - for non-credit unions"
FDONE.Ttwone316,"","","Prior year - Other expenses from financial statements - for resource loss"
FDONE.Ttwone317,"","","Prior year - Line 230 - Total other expenses from financial statements"
FDONE.Ttwone318,"","","Prior year - Line 231 - Recapture of SR&ED expenditures from Form T661"
FDONE.Ttwone319,"","","Prior year - Line 232 - Resource amounts deducted"
FDONE.Ttwone320,"","","Prior year - Line 233 - Restricted farm losses - current year from Schedule 4"
FDONE.Ttwone321,"","","Prior year - Line 234 - Sales tax assessments"
FDONE.Ttwone322,"","","Prior year - Line 235 - Share issue expense"
FDONE.Ttwone323,"","","Prior year - Line 236 - Write-down of capital property"
FDONE.Ttwone324,"","","Prior year - Line 237 - Amounts received in respect of qualifying environmental trust per paragraphs 12(1)(z.1) and 12(1)(z.2)"
FDONE.Ttwone325,"","","Prior year - Line 238 - Contractors' completion method adjustment: revenue net of costs on contracts under two years - previous year"
FDONE.Ttwone333,"","","Prior year - Line 296 - Total of column 2"
FDONE.Ttwone335,"","","Prior year - Line 199 - Subtotal"
FDONE.Ttwone336,"","","Prior year - Line 500 - Total additions"
FDONE.Ttwone337,"","","Prior year - Line 401 - Gain on disposal of assets per financial statements"
FDONE.Ttwone338,"","","Prior year - Line 402 - Non-taxable dividends under section 83 from Schedule 3"
FDONE.Ttwone339,"","","Prior year - Line 403 - Capital cost allowance from Schedule 8"
FDONE.Ttwone340,"","","Prior year - Line 404 - Terminal loss from Schedule 8"
FDONE.Ttwone342,"","","Prior year - Line 406 - Allowable business investment loss from Schedule 6"
FDONE.Ttwone343,"","","Prior year - Line 407 - Foreign non-business tax deduction under subsection 20(12)"
FDONE.Ttwone344,"","","Prior year - Line 408 - Holdbacks"
FDONE.Ttwone345,"","","Prior year - Line 409 - Deferred and prepaid expenses"
FDONE.Ttwone346,"","","Prior year - Line 410 - Depreciation in inventory - end of prior year"
FDONE.Ttwone347,"","","Prior year - Line 411 - SR&ED expenditures claimed in the year on line 460 from Form T661"
FDONE.Ttwone348,"","","Prior year - Line 413 - Other reserves on line 280 from Schedule 13"
FDONE.Ttwone349,"","","Prior year - Line 414 - Reserves from financial statements - balance at the beginning of the year"
FDONE.Ttwone350,"","","Prior year - Line 416 - Patronage dividend deduction from Schedule 16"
FDONE.Ttwone351,"","","Prior year - Line 417 - Contributions to deferred income plans from Schedule 15"
FDONE.Ttwone352,"","","Prior year - Subtotal"
FDONE.Ttwone353,"","","Prior year - Line 300 - Accounts payable and accruals for cash basis - opening"
FDONE.Ttwone354,"","","Prior year - Line 301 - Accounts receivable and prepaid for cash basis - closing"
FDONE.Ttwone355,"","","Prior year - Line 302 - Accrual inventory - closing"
FDONE.Ttwone356,"","","Prior year - Line 303 - Accrued dividends - current year"
FDONE.Ttwone357,"","","Prior year - Line 304 - Bad debt"
FDONE.Ttwone358,"","","Prior year - Line 349 - Book income of partnership"
FDONE.Ttwone359,"","","Prior year - Line 306 - Equity in income from subsidiaries or affiliates"
FDONE.Ttwone360,"","","Prior year - Line 307 - Exempt income under section 81"
FDONE.Ttwone362,"","","Prior year - Line 309 - Mandatory inventory adjustment - included in prior year"
FDONE.Ttwone363,"","","Prior year - Line 310 - Contributions to a qualifying environmental trust"
FDONE.Ttwone364,"","","Prior year - Line 311 - Non-Canadian advertising expenses - broadcasting"
FDONE.Ttwone365,"","","Prior year - Line 312 - Non-Canadian advertising expenses - printed materials"
FDONE.Ttwone366,"","","Prior year - Line 313 - Optional value of inventory - included in prior year"
FDONE.Ttwone367,"","","Prior year - Other income from financial statements - for credit unions"
FDONE.Ttwone368,"","","Prior year - Other income from financial statements - for non-credit unions"
FDONE.Ttwone369,"","","Prior year - Line 314 - Total other income per financial statements"
FDONE.Ttwone370,"","","Prior year - Line 315 - Payments made for allocations in proportion to borrowing and bonus interest payments from Schedule 17"
FDONE.Ttwone371,"","","Prior year - Line 316 - Contractors' completion method adjustment: revenue net of costs on contracts under two years - current year"
FDONE.Ttwone372,"","","Prior year - Line 340 - Canadian development expenses from Schedule 12"
FDONE.Ttwone373,"","","Prior year - Line 341 - Canadian exploration expenses from Schedule 12"
FDONE.Ttwone374,"","","Prior year - Line 342 - Canadian oil and gas property expenses from Schedule 12"
FDONE.Ttwone376,"","","Prior year - Line 344 - Depletion from Schedule 12"
FDONE.Ttwone377,"","","Prior year - Line 345 - Foreign exploration and development expenses from Schedule 12"
FDONE.Ttwone378,"","","Prior year - Line 348 - Book income of joint venture"
FDONE.Ttwone382,"","","Prior year - Line 396 - Total of column 2"
FDONE.Ttwone384,"","","Prior year - Line 499 - Subtotal"
FDONE.Ttwone385,"","","Prior year - Line 510 - Total deductions"
FDONE.Ttwone386,"","","Net income (loss) for income tax purposes (amount B minus line 510)"
FDONE.Ttwone387,"","","Prior year - Farm income"
FDONE.Ttwone388,"","","Line 239 - Taxable/non-deductible other comprehensive income items"
FDONE.Ttwone389,"","","Prior year - Line 239 - Taxable/non-deductible other comprehensive income items"
FDONE.Ttwone390,"","","Line 347 - Non-taxable/deductible other comprehensive income items"
FDONE.Ttwone391,"","","Prior year - Line 347 - Non-taxable/deductible other comprehensive income items"
FDONE.Ttwone392,"","","Non-deductible meals and entertainment expenses at 50%"
FDONE.Ttwone393,"","","Prior year - Non-deductible meals and entertainment expenses at 50%"
FDONE.Ttwone394,"","","Line 251 - Excess IFE under subsection 18.2(2) from Schedule 130"
FDONE.Ttwone396,"","","Line 252 - Partnership IFE add-back under paragraph 12(1)(l.2) from Schedule 130"
FDONE.Ttwone397,"","","Line 253 - Non-deductible interest under subsection 18(4)"
FDONE.Ttwone398,"","","Line 254 - Partnership interest deduction add-back under paragraph 12(1)(l.1)"
FDONE.Ttwone400,"","","Prior year - Line 251 - Excess IFE under subsection 18.2(2) from Schedule 130"
FDONE.Ttwone401,"","","Prior year - Line 252 - Partnership IFE add-back under paragraph 12(1)(l.2) from Schedule 130"
FDONE.Ttwone402,"","","Prior year - Line 253 - Non-deductible interest under subsection 18(4)"
FDONE.Ttwone404,"","","Prior year - Line 254 - Partnership interest deduction add-back under paragraph 12(1)(l.1)"
FDONE.Ttwone406,"","","Gross expenses after 2010"
FDONE.Ttwone407,"0,2000","","Rate after 2010"
FDONE.Ttwone408,"","","Non-deductible expenses for food and beverages for long-haul truck drivers - Gross expenses after 2010 x by rate"
FDONE.Ttwone409,"","","Prior year - Non-deductible expenses for food and beverages for long-haul truck drivers after 2010"
FDONE.Ttwone410,"","","Meals and entertainment expenses"
FDONE.Ttwone411,"","","Expenses for food and beverages for long-haul truck drivers"
FDONE.Ttwone412,"","","Meals and entertainment expenses excluding expenses for food and beverages for long-haul truck drivers"
FDONE.Ttwone413,"","","Meals and entertainment expenses excluding expenses for food and beverages for long-haul truck drivers"
FDONE.Ttwone414,"0,5000","","Rate"
FDONE.Ttwone418,"","","Line 250 - Hybrid mismatch amount under subsection 18.4(4) or 12.7(3)"
FDONE.Ttwone419,"","","Line 350 - Adjustment for hybrid mismatch amount under paragraph 20(1)(yy)"
FDONE.Ttwone420,"","","Prior year - Line 250 - Hybrid mismatch amount under subsection 18.4(4) or 12.7(3)"
FDONE.Ttwone421,"","","Prior year - Line 350 - Adjustment for hybrid mismatch amount under paragraph 20(1)(yy)"
FDONE.Ttwone424,"","","Line 129 - Income or loss for tax purposes - partnerships"
FDONE.Ttwone425,"","","Prior year - Line 129 - Income or loss for tax purposes - partnerships"
FDONE.Ttwone426,"","","Line 130 - Amounts calculated under section 34.2 from Schedule 73"
FDONE.Ttwone427,"","","Prior year - Line 130 - Amounts calculated under section 34.2 from Schedule 73"
FDONE.Ttwone428,"","","Line 131 - Income shortfall adjustment and additional amount from Schedule 73"
FDONE.Ttwone429,"","","Prior year - Line 131 - Income shortfall adjustment and additional amount from Schedule 73"
FDONE.Ttwone430,"","","Line 132 - Income or loss for tax purposes - joint ventures"
FDONE.Ttwone431,"","","Prior year - Line 132 - Income or loss for tax purposes - joint ventures"
FDONE.Ttwone432,"444","","Amount A plus line 500"
FDONE.Ttwone433,"","","Prior year - Amount A plus line 500"
FDONE.Ttwone435,"","","Scientific research expenditures deducted per financial statements - Select the appropriate box to choose the amount to add back|`Line 9282 of the GIFI|`Line 380 of Form T661|`Other amount (specify)"
FDONE.Ttwone436,"","","Scientific research expenditures deducted per financial statements - Line 9282 of the GIFI - Amount"
FDONE.Ttwone437,"","","Scientific research expenditures deducted per financial statements - Line 380 of Form T661 - Amount"
FDONE.Ttwone438,"","","Scientific research expenditures deducted per financial statements - Other amount (specify) - Amount"
FDONE.Ttwone439,"","","Charitable donations and gifts from Schedule 2 - Select the appropriate box to choose the amount to add back|`Line 8522 of the GIFI|`Total donations and gifts from Schedule 2|`Other amount (specify)"
FDONE.Ttwone440,"","","Non-deductible meals and entertainment expenses - Select the appropriate box to choose the amount to add back|`Line 8523 of the GIFI|`Other amount (specify)"
FDONE.Ttwone441,"","","Non-deductible meals and entertainment expenses - Line 8523 of the GIFI - Amount"
FDONE.Ttwone442,"","","Non-deductible meals and entertainment expenses - Other amount (specify) - Amount"
FDONE.SLIPA[1].TtwoneA1,"Income inclusions under 12(1)(x.2) ITA","","Line 605 - Description"
FDONE.SLIPA[1].TtwoneA2,"","","Line 295 - Amount"
FDONE.SLIPA[1].TtwoneA3,"","","Prior year - Line 295 - Amount"
FDONE.SLIPA[2].TtwoneA1,"Recapture from Schedule 12","","Line 605 - Description"
FDONE.SLIPA[2].TtwoneA2,"","","Line 295 - Amount"
FDONE.SLIPA[2].TtwoneA3,"","","Prior year - Line 295 - Amount"
FDONE.SLIPA[3].TtwoneA1,"Inducement under 12(1)(x) ITA","","Line 605 - Description"
FDONE.SLIPA[3].TtwoneA2,"","","Line 295 - Amount"
FDONE.SLIPA[3].TtwoneA3,"","","Prior year - Line 295 - Amount"
FDONE.SLIPA[4].TtwoneA1,"","","Line 605 - Description"
FDONE.SLIPA[4].TtwoneA2,"","","Line 295 - Amount"
FDONE.SLIPA[4].TtwoneA3,"","","Prior year - Line 295 - Amount"
FDONE.SLIPD[1].TtwoneD1,"Deductible Crown payments","","Line 705 - Description"
FDONE.SLIPD[1].TtwoneD2,"","","Line 395 - Amount"
FDONE.SLIPD[1].TtwoneD3,"","","Prior year - Line 395 - Amount"
FDONE.SLIPD[2].TtwoneD1,"Deduction under 20(1)(e) ITA","","Line 705 - Description"
FDONE.SLIPD[2].TtwoneD2,"","","Line 395 - Amount"
FDONE.SLIPD[2].TtwoneD3,"","","Prior year - Line 395 - Amount"
FDONE.SLIPD[3].TtwoneD1,"","","Line 705 - Description"
FDONE.SLIPD[3].TtwoneD2,"","","Line 395 - Amount"
FDONE.SLIPD[3].TtwoneD3,"","","Prior year - Line 395 - Amount"
CCACat.FED.Ttw08c1,"0","","Totals - Recapture of CCA"
CCACat.FED.Ttw08c2,"","","Totals - Terminal loss"
CCACat.FED.Ttw08c3,"1800","","Totals - CCA"
CCACat.FED.Ttw08c13,"20000","","Totals - Undepreciated capital cost (UCC) at the beginning of the year"
CCACat.FED.Ttw08c14,"5000","","Totals - Cost of acquisitions during the year"
CCACat.FED.Ttw08c15,"","","Totals - Adjustments and transfers"
CCACat.FED.Ttw08c16,"","","Totals - Proceeds of dispositions"
CCACat.FED.Ttw08c18,"23200","","Totals - UCC at the end of the year"
CCACat.FED.Ttw08c144,"25000","","Totals - Undepreciated capital cost"
CCACat.FED.Ttw08c40,"All","","Class Filter"
CCACat.FED.Ttw08c108,"20000","","Totals (filter) - Undepreciated capital cost (UCC) at the beginning of the year"
CCACat.FED.Ttw08c109,"5000","","Totals (filter) - Cost of acquisitions during the year"
CCACat.FED.Ttw08c110,"","","Totals (filter) - Adjustments and transfers"
CCACat.FED.Ttw08c115,"1800","","Totals (filter) - CCA"
CCACat.FED.Ttw08c116,"23200","","Totals (filter) - UCC at the end of the year"
CCACat.FED.Ttw08c148,"25000","","Totals (filter) - Undepreciated capital cost"
CCACat.FED.Ttw08c149,"N","","Is the corporation electing under subsection 1101(5q) of the Income Tax Regulations?"
CCACat.FED.Ttw08c117,"0","","Totals (filter) - Proceeds of dispositions"
CCACat.FED.Ttw08c119,"0","","Totals (filter) - Recapture of CCA"
CCACat.FED.Ttw08c120,"0","","Totals (filter) - Terminal loss"
CCACat.FED.Ttw08c152,"5000","","Totals (filter) - Cost of acquisitions from column 3 that are RIIP or ZEV acquired after 2024"
CCACat.FED.Ttw08c153,"5000","","Totals - Cost of acquisitions from column 3 that are RIIP or ZEV acquired after 2024"
CCACat.FED.Ttw08c154,"0","","Totals (filter) - Proceeds of dispositions available to reduce the UCC of RIIP and ZEV acquired after 2024"
CCACat.FED.Ttw08c155,"0","","Totals - Proceeds of dispositions available to reduce the UCC of RIIP and ZEV acquired after 2024"
CCACat.FED.Ttw08c156,"5000","","Totals (filter) - Net capital cost additions of RIIP and ZEV acquired after 2024"
CCACat.FED.Ttw08c157,"5000","","Totals - Net capital cost additions of RIIP and ZEV acquired after 2024"
CCACat.FED.Ttw08c158,"2500","","Totals (filter) - UCC adjustment for RIIP and ZEV acquired after 2024"
CCACat.FED.Ttw08c159,"2500","","Totals - UCC adjustment for RIIP and ZEV acquired after 2024"
CCACat.FED.Ttw08c263,"N","","Default to zero CCA claim for all classes"
CCACat.FED.Ttw08c204,"","","Totals (filter) - Amount from column 6 that is assistance received or receivable during the year for a property, subsequent to its disposition"
CCACat.FED.Ttw08c205,"","","Totals (filter) - Amount from column 6 that is repaid during the year for a property, subsequent to its disposition"
CCACat.FED.Ttw08c206,"0","","Totals (filter) - Proceeds of dispositions available to reduce the UCC of AIIP, RIIP and ZEV"
CCACat.FED.Ttw08c207,"0","","Totals (filter) - Net capital cost additions of AIIP and ZEV acquired before 2025"
CCACat.FED.Ttw08c208,"","","Totals (filter) - UCC adjustment for AIIP and ZEV acquired before 2025"
CCACat.FED.Ttw08c210,"","","Totals - Amount from column 6 that is assistance received or receivable during the year for a property, subsequent to its disposition"
CCACat.FED.Ttw08c211,"","","Totals - Amount from column 6 that is repaid during the year for a property, subsequent to its disposition"
CCACat.FED.Ttw08c212,"0","","Totals - Proceeds of dispositions available to reduce the UCC of AIIP, RIIP and ZEV"
CCACat.FED.Ttw08c213,"0","","Totals - Net capital cost additions of AIIP and ZEV acquired before 2025"
CCACat.FED.Ttw08c214,"","","Totals - UCC adjustment for AIIP and ZEV acquired before 2025"
CCACat.FED.Ttw08c218,"0","","Totals (filter) - UCC adjustment for property acquired during the year other than AIIP, RIIP and ZEV"
CCACat.FED.Ttw08c219,"0","","Totals - UCC adjustment for property acquired during the year other than AIIP, RIIP and ZEV"
CCACat.FED.Ttw08c286,"","","Totals (filter) - Cost of acquisitions from column 3 that are AIIP or ZEV acquired before 2025"
CCACat.FED.Ttw08c287,"","","Totals - Cost of acquisitions from column 3 that are AIIP or ZEV acquired before 2025"
CCACat.FD08C[1].Ttw08c2,"N","","If it is rental property (under regulation 1100(11)), do you want to link this property to a Statement of real estate rental properties?"
CCACat.FD08C[1].RentalLinkCell,"","","If yes, specify the property to be linked in order to transfer data:"
CCACat.FD08C[1].Ttw08c253,"N","","Was the property a DIEP in a prior taxation year?"
CCACat.FD08C[1].Ttw08c254,"","","Proceeds of disposition for a passenger vehicle (DIEP in a prior taxation year only) - Proceeds of disposition"
CCACat.FD08C[1].Ttw08c255,"","","Proceeds of disposition for a passenger vehicle (DIEP in a prior taxation year only) - Cost of the passenger vehicle"
CCACat.FD08C[1].Ttw08c256,"","","Proceeds of disposition for a passenger vehicle (DIEP in a prior taxation year only) - Original capital cost (line 203 in the taxation year of the acquisition)"
CCACat.FD08C[1].Ttw08c257,"","","Proceeds of disposition for a passenger vehicle (DIEP in a prior taxation year only) - Government assistance received or repaid"
CCACat.FD08C[1].Ttw08c258,"","","Proceeds of disposition for a passenger vehicle (DIEP in a prior taxation year only) - Does the corporation not deal at arm's length with the purchaser?"
CCACat.FD08C[1].Ttw08c259,"","","Proceeds of disposition for a passenger vehicle (DIEP in a prior taxation year only) - Applicable proceeds of disposition"
CCACat.FD08C[1].Ttw08c296,"","","Government assistance received or entitled to be received"
CCACat.FD08C[1].Ttw08c298,"","","Is the property a RIIP?"
CCACat.FD08C[1].Ttw08c300,"","","Is the cost of acquisition reported on line 203 related to an eligible manufacturing building that qualifies for the enhanced CCA under subparagraph 1100(1)(a.1)(i) ITA?"
CCACat.FD08C[1].Ttw08c301,"","","Is the cost of acquisition reported on line 203 related to a greenhouse that qualifies for the enhanced CCA under paragraph 1100(1)ze) ITR?"
CCACat.FD08C[1].FED.Ttw08cA1,"8","","Class number"
CCACat.FD08C[1].FED.Ttw08cA2,"0,2000","","Federal - CCA rate"
CCACat.FD08C[1].FED.Ttw08cA3,"","","Description"
CCACat.FD08C[1].FED.Ttw08cA4,"","","Federal - Annual CCA on prior year additions (as per schedule below)"
CCACat.FD08C[1].FED.Ttw08cA5,"","","Federal - UCC at the beginning of the taxation year"
CCACat.FD08C[1].FED.Ttw08cA6,"","","Federal - ITC (prior year)"
CCACat.FD08C[1].FED.Ttw08cA8,"","","Federal - Adjustments and transfers not affecting the adjustments under subsection 1100(2) ITR"
CCACat.FD08C[1].FED.Ttw08cA9,"5000","","Federal - Additions (property subject to subsection 1100(2) ITR)"
CCACat.FD08C[1].FED.Ttw08cA10,"","","Federal - Additions (property not subject to subsection 1100(2) ITR)"
CCACat.FD08C[1].FED.Ttw08cA12,"","","Federal - Disposals"
CCACat.FD08C[1].FED.Ttw08cA13,"N","","Terminal loss?"
CCACat.FD08C[1].FED.Ttw08cA21,"1500","","Federal - Maximum allowable CCA"
CCACat.FD08C[1].FED.Ttw08cA22,"1000","","Federal - CCA claimed"
CCACat.FD08C[1].FED.Ttw08cA23,"4000","","Federal - UCC at the end of the taxation year"
CCACat.FD08C[1].FED.Ttw08cA37,"0","","Federal - Proceeds of dispositions"
CCACat.FD08C[1].FED.Ttw08cA39,"0","","Federal - Recapture of CCA"
CCACat.FD08C[1].FED.Ttw08cA40,"0","","Federal - Terminal loss"
CCACat.FD08C[1].FED.Ttw08cA41,"20","","CCA rate %"
CCACat.FD08C[1].FED.Ttw08cA90,"5000","","Federal - UCC balance"
CCACat.FD08C[1].FED.Ttw08cA94,"7500","","Federal - UCC balance (before CCA)"
CCACat.FD08C[1].FED.Ttw08cA95,"N","","Resource asset?"
CCACat.FD08C[1].FED.Ttw08cA96,"N","","Is the corporation electing under reg. 1101(5q)? (to place this property  in a separate class for rapidly depreciating electronic equipment)"
CCACat.FD08C[1].FED.Ttw08cA98,"1000","","Federal - CCA"
CCACat.FD08C[1].FED.Ttw08cA115,"","","Federal - Prior year additions (1/2 year rule)"
CCACat.FD08C[1].FED.Ttw08cA125,"","","Federal - GST/HST and PST rebate"
CCACat.FD08C[1].FED.Ttw08cA50,"5000","","Federal - Cost of acquisitions during the year"
CCACat.FD08C[1].FED.Ttw08cA53,"","","Federal - Adjustments and transfers"
CCACat.FD08C[1].FED.Ttw08cA27,"","","Location"
CCACat.FD08C[1].FED.Ttw08cA28,"","","Acquisition date"
CCACat.FD08C[1].FED.Ttw08cA29,"","","Disposal date"
CCACat.FD08C[1].FED.Ttw08cA30,"","","Purchase cost, before GST and PST, or HST"
CCACat.FD08C[1].FED.Ttw08cA31,"","","Is the property subject to the half-year rule?"
CCACat.FD08C[1].FED.Ttw08cA32,"","","GST or HST payable on purchase"
CCACat.FD08C[1].FED.Ttw08cA33,"","","GST or HST input tax credit or rebate"
CCACat.FD08C[1].FED.Ttw08cA34,"","","PST payable on purchase"
CCACat.FD08C[1].FED.Ttw08cA35,"","","Trade-in value (note 2)"
CCACat.FD08C[1].FED.Ttw08cA54,"","","Amortization period for current year additions"
CCACat.FD08C[1].FED.Ttw08cA55,"","","Termination date of the lease (including next renewal term)"
CCACat.FD08C[1].FED.Ttw08cA167,"","","Is one of the properties acquired during the year an AIIP?"
CCACat.FD08C[1].FED.Ttw08cA133,"","","Current-year additions - Description of property"
CCACat.FD08C[1].FED.Ttw08cA134,"","","Current year additions - Date of acquisition"
CCACat.FD08C[1].FED.Ttw08cA135,"","","Current year additions - Termination date"
CCACat.FD08C[1].FED.Ttw08cA136,"","","Number of days of ownership"
CCACat.FD08C[1].FED.Ttw08cA137,"","","Amortization period"
CCACat.FD08C[1].FED.Ttw08cA138,"","","PST input tax credit or rebate"
CCACat.FD08C[1].FED.Ttw08cA166,"","","Is the property an AIIP?"
CCACat.FD08C[1].FED.Ttw08cA144,"","","Total percentages on lines 303 (must equal 100%)"
CCACat.FD08C[1].FED.Ttw08cA145,"N","","Additions (property subject to subsection 1100(2) ITR) - Select this check box if the property in class 12 is subject to subsection 1100(2) ITR"
CCACat.FD08C[1].FED.Ttw08cA146,"","","Business name"
CCACat.FD08C[1].FED.Ttw08cA147,"","","Federal - Cumulative eligible capital (CEC) balance (positive or negative) in respect of the business on January 1, 2017"
CCACat.FD08C[1].FED.Ttw08cA148,"","","Federal - If the CEC balance is negative, enter the amount that would need to be included in income pursuant to paragraph 14(1)(b) ITA, as that paragraph applied immediately before January 1, 2017"
CCACat.FD08C[1].FED.Ttw08cA149,"","","Federal - Deductions that reduced CEC in respect of the business for taxation years ending before January 1, 2017"
CCACat.FD08C[1].FED.Ttw08cA150,"","","Federal - Deemed total capital cost of property in the class under paragraph 13(38)(a) ITA (4/3 x [G + (3/2 x H) + I + J])"
CCACat.FD08C[1].FED.Ttw08cA151,"","","Federal - Amount deemed allowed as a deduction against the capital cost of property in the class under paragraph 13(38)(c) ITA for taxation years ending before January 1, 2017"
CCACat.FD08C[1].FED.Ttw08cA152,"","","Federal - UCC balance in the class on January 1, 2017 (K - L)"
CCACat.FD08C[1].FED.Ttw08cA153,"","","Federal - CCA claimed with respect to this UCC balance in preceding taxation years"
CCACat.FD08C[1].FED.Ttw08cA154,"","","Federal - Rate applicable to the additional deduction"
CCACat.FD08C[1].FED.Ttw08cA155,"","","Federal - Eligible CCA"
CCACat.FD08C[1].FED.Ttw08cA156,"","","Federal - Additional deduction"
CCACat.FD08C[1].FED.Ttw08cA160,"","","Federal - UCC adjustments under subsection 13(39) ITA"
CCACat.FD08C[1].FED.Ttw08cA161,"","","Federal - Item D.1 of the CEC definition in subsection 14(5) ITA, as that subsection applied immediately before January 1, 2017"
CCACat.FD08C[1].FED.Ttw08cA162,"","","Federal - Total UCC adjustments in preceding taxation years under subsection 13(39) ITA"
CCACat.FD08C[1].FED.Ttw08cA164,"","","Federal - Cost of addictions included at line 203 that are AIIP"
CCACat.FD08C[1].FED.Ttw08cA174,"0","","Federal - Net capital cost for additions of AIIP and ZEV acquired before 2025"
CCACat.FD08C[1].FED.Ttw08cA183,"","","Is this a separate class used solely for the Québec income tax return and relating to prescribed property qualifying for the additional CCA of 30%?"
CCACat.FD08C[1].FED.Ttw08cA184,"","","Are properties entered in the Québec column eligible for the additional CCA of 30%?"
CCACat.FD08C[1].FED.Ttw08cA188,"","","Federal - Assistance received or receivable during the year for a property after its disposition"
CCACat.FD08C[1].FED.Ttw08cA189,"0","","Federal - Proceeds of disposition available to reduce additions of AIIP, RIIP and ZEV"
CCACat.FD08C[1].FED.Ttw08cA190,"","","Federal - UCC adjustment for AIIP and ZEV acquired before 2025"
CCACat.FD08C[1].FED.Ttw08cA194,"0","","Federal - UCC adjustment for other property acquired during the year"
CCACat.FD08C[1].FED.Ttw08cA163,"","","Federal - Amount repaid during the year for a property after its disposition"
CCACat.FD08C[1].FED.Ttw08cA206,"","","Federal - Cost of additions included at line 203 that are AIIP or ZEV acquired before 2025"
CCACat.FD08C[1].FED.Ttw08cA213,"","","Federal - Negative UCC (closing)"
CCACat.FD08C[1].FED.Ttw08cA214,"","","Federal - Cost of additions included at line 203 that are AIIP or ZEV acquired before 2025 - Available for use in 2024 and 2025"
CCACat.FD08C[1].FED.Ttw08cA215,"","","Federal - Cost of additions included at line 203 that are AIIP or ZEV acquired before 2025 - Available for use in 2026 and 2027"
CCACat.FD08C[1].FED.Ttw08cA219,"","","Federal - Non-compliant CCA amount (short-term rentals)"
CCACat.FD08C[1].FED.Ttw08cA220,"","","Federal - Classes 44, 46 and 50 only - Acquired before April 16, 2024"
CCACat.FD08C[1].FED.Ttw08cA221,"","","Federal - Classes 44, 46 and 50 only - Acquired after April 15, 2024, and before 2025"
CCACat.FD08C[1].FED.Ttw08cA222,"5000","","Federal - Cost of additions included at line 203 that are RIIP or ZEV acquired after 2024"
CCACat.FD08C[1].FED.Ttw08cA223,"","","Federal - Class 43 - RIIP acquired after 2025 that would have been part of Class 53 if acquired before 2026"
CCACat.FD08C[1].FED.Ttw08cA224,"0","","Federal - Proceeds of disposition available to reduce the UCC of RIIP and ZEV acquired after 2024"
CCACat.FD08C[1].FED.Ttw08cA225,"5000","","Federal - Net capital cost additions of RIIP and ZEV acquired after 2024"
CCACat.FD08C[1].FED.Ttw08cA226,"2500","","Federal - UCC adjustment for RIIP and ZEV acquired after 2024"
CCACat.FD08C[1].FED.Ttw08cA179,"","","Federal - Classes 44, 46 and 50 - RIIP available for use before 2027"
CCACat.FD08C[1].QUE.Ttw08cA2,"0,2000","","Québec - CCA rate"
CCACat.FD08C[1].QUE.Ttw08cA4,"","","Québec - Annual CCA on prior year additions (as per schedule below)"
CCACat.FD08C[1].QUE.Ttw08cA5,"","","Québec - UCC at the beginning of the taxation year"
CCACat.FD08C[1].QUE.Ttw08cA6,"","","Québec - ITC (prior year)"
CCACat.FD08C[1].QUE.Ttw08cA8,"","","Québec - Adjustments and transfers not affecting the adjustments under subsection 1100(2) ITR"
CCACat.FD08C[1].QUE.Ttw08cA9,"5000","","Québec - Additions (property subject to subsection 1100(2) ITR)"
CCACat.FD08C[1].QUE.Ttw08cA10,"","","Québec - Additions (property not subject to subsection 1100(2) ITR)"
CCACat.FD08C[1].QUE.Ttw08cA12,"","","Québec - Disposals"
CCACat.FD08C[1].QUE.Ttw08cA21,"1500","","Québec - Maximum allowable CCA"
CCACat.FD08C[1].QUE.Ttw08cA22,"1500","","Québec - CCA claimed"
CCACat.FD08C[1].QUE.Ttw08cA23,"3500","","Québec - UCC at the end of the taxation year"
CCACat.FD08C[1].QUE.Ttw08cA90,"5000","","Québec - UCC balance"
CCACat.FD08C[1].QUE.Ttw08cA94,"7500","","Québec - UCC balance (before CCA)"
CCACat.FD08C[1].QUE.Ttw08cA115,"","","Québec - Prior year additions (1/2 year rule)"
CCACat.FD08C[1].QUE.Ttw08cA125,"","","Québec - GST/HST and PST rebate"
CCACat.FD08C[1].QUE.Ttw08cA147,"","","Québec - Cumulative eligible capital (CEC) balance (positive or negative) in respect of the business on January 1, 2017"
CCACat.FD08C[1].QUE.Ttw08cA148,"","","Québec - If the CEC balance is negative, enter the amount that would need to be included in income pursuant to paragraph 14(1)(b) ITA, as that paragraph applied immediately before January 1, 2017"
CCACat.FD08C[1].QUE.Ttw08cA149,"","","Québec - Deductions that reduced CEC in respect of the business for taxation years ending before January 1, 2017"
CCACat.FD08C[1].QUE.Ttw08cA150,"","","Québec - Deemed total capital cost of property in the class under paragraph 13(38)(a) ITA (4/3 x [G + (3/2 x H) + I + J])"
CCACat.FD08C[1].QUE.Ttw08cA151,"","","Québec - Amount deemed allowed as a deduction against the capital cost of property in the class under paragraph 13(38)(c) ITA for taxation years ending before January 1, 2017"
CCACat.FD08C[1].QUE.Ttw08cA152,"","","Québec - UCC balance in the class on January 1, 2017 (K - L)"
CCACat.FD08C[1].QUE.Ttw08cA153,"","","Québec - CCA claimed with respect to this UCC balance in preceding taxation years"
CCACat.FD08C[1].QUE.Ttw08cA154,"","","Québec - Rate applicable to the additional deduction"
CCACat.FD08C[1].QUE.Ttw08cA155,"","","Québec - Eligible CCA"
CCACat.FD08C[1].QUE.Ttw08cA156,"","","Québec - Additional deduction"
CCACat.FD08C[1].QUE.Ttw08cA160,"","","Québec - UCC adjustments under subsection 13(39) ITA"
CCACat.FD08C[1].QUE.Ttw08cA161,"","","Québec - Item D.1 of the CEC definition in subsection 14(5) ITA, as that subsection applied immediately before January 1, 2017"
CCACat.FD08C[1].QUE.Ttw08cA162,"","","Québec - Total UCC adjustments in preceding taxation years under subsection 13(39) ITA"
CCACat.FD08C[1].QUE.Ttw08cA164,"","","Québec - Cost of additions included at line 203 that are AIIP or ZEP - Available for use before 2024"
CCACat.FD08C[1].QUE.Ttw08cA174,"0","","Québec - Net capital cost for additions of AIIP and ZEV acquired before 2025"
CCACat.FD08C[1].QUE.Ttw08cA188,"","","Québec - Assistance received or receivable during the year for a property after its disposition"
CCACat.FD08C[1].QUE.Ttw08cA189,"0","","Québec - Proceeds of disposition available to reduce the UCC of AIIP, RIIP and ZEV"
CCACat.FD08C[1].QUE.Ttw08cA190,"","","Québec - UCC adjustment for AIIP and ZEV acquired before 2025"
CCACat.FD08C[1].QUE.Ttw08cA194,"0","","Québec - UCC adjustment for other property acquired during the year"
CCACat.FD08C[1].QUE.Ttw08cA163,"","","Québec - Amount repaid during the year for a property after its disposition"
CCACat.FD08C[1].QUE.Ttw08cA206,"","","Québec - Cost of additions included at line 203 that are AIIP or ZEV acquired before 2025"
CCACat.FD08C[1].QUE.Ttw08cA213,"","","Québec - Negative UCC (closing)"
CCACat.FD08C[1].QUE.Ttw08cA214,"","","Québec - Cost of additions included at line 203 that are AIIP or ZEV acquired before 2025 - Available for use in 2024 and 2025"
CCACat.FD08C[1].QUE.Ttw08cA215,"","","Québec - Cost of additions included at line 203 that are AIIP or ZEV acquired before 2025 - Available for use in 2026 and 2027"
CCACat.FD08C[1].QUE.Ttw08cA216,"","","Québec - Capital cost included on line 203 of property qualified for the accelerated depreciation special rules in Québec - Available for use in 2024 and 2025"
CCACat.FD08C[1].QUE.Ttw08cA217,"","","Québec - Capital cost included on line 203 of property qualified for the accelerated depreciation special rules in Québec - Available for use in 2026 and 2027"
CCACat.FD08C[1].QUE.Ttw08cA219,"","","Québec - Non-compliant CCA amount (short-term rentals)"
CCACat.FD08C[1].QUE.Ttw08cA220,"","","Québec - Classes 44, 46 and 50 only - Acquired before April 16, 2024"
CCACat.FD08C[1].QUE.Ttw08cA221,"","","Québec - Classes 44, 46 and 50 only - Acquired after April 15, 2024, and before 2025"
CCACat.FD08C[1].QUE.Ttw08cA222,"5000","","Québec - Cost of additions included at line 203 that are RIIP or ZEV acquired after 2024"
CCACat.FD08C[1].QUE.Ttw08cA223,"","","Québec - Class 43 - RIIP acquired after 2025 that would have been part of Class 53 if acquired before 2026"
CCACat.FD08C[1].QUE.Ttw08cA224,"0","","Québec - Proceeds of disposition available to reduce the UCC of RIIP and ZEV acquired after 2024"
CCACat.FD08C[1].QUE.Ttw08cA225,"5000","","Québec - Net capital cost for additions of RIIP and ZEV acquired after 2024"
CCACat.FD08C[1].QUE.Ttw08cA226,"2500","","Québec - UCC adjustment for RIIP and ZEV acquired after 2024"
CCACat.FD08C[1].QUE.Ttw08cA179,"","","Québec - Classes 44, 46 and 50 - RIIP available for use before 2027"
CCACat.FD08C[1].ALB.Ttw08cA2,"0,2000","","Alberta - CCA rate"
CCACat.FD08C[1].ALB.Ttw08cA4,"","","Alberta - Annual CCA on prior year additions (as per schedule below)"
CCACat.FD08C[1].ALB.Ttw08cA5,"","","Alberta - UCC at the beginning of the taxation year"
CCACat.FD08C[1].ALB.Ttw08cA6,"","","Alberta - ITC (prior year)"
CCACat.FD08C[1].ALB.Ttw08cA8,"","","Alberta - Adjustments and transfers not affecting the adjustments under subsection 1100(2) ITR"
CCACat.FD08C[1].ALB.Ttw08cA9,"5000","","Alberta - Additions (property subject to subsection 1100(2) ITR)"
CCACat.FD08C[1].ALB.Ttw08cA10,"","","Alberta - Additions (property not subject to subsection 1100(2) ITR)"
CCACat.FD08C[1].ALB.Ttw08cA12,"","","Alberta - Disposals"
CCACat.FD08C[1].ALB.Ttw08cA21,"1500","","Alberta - Maximum allowable CCA"
CCACat.FD08C[1].ALB.Ttw08cA22,"1500","","Alberta - CCA claimed"
CCACat.FD08C[1].ALB.Ttw08cA23,"3500","","Alberta - UCC at the end of the taxation year"
CCACat.FD08C[1].ALB.Ttw08cA90,"5000","","Alberta - UCC balance"
CCACat.FD08C[1].ALB.Ttw08cA94,"7500","","Alberta - UCC balance (before CCA)"
CCACat.FD08C[1].ALB.Ttw08cA115,"","","Alberta - Prior year additions (1/2 year rule)"
CCACat.FD08C[1].ALB.Ttw08cA125,"","","Alberta - GST/HST and PST rebate"
CCACat.FD08C[1].ALB.Ttw08cA147,"","","Alberta - Cumulative eligible capital (CEC) balance (positive or negative) in respect of the business on January 1, 2017"
CCACat.FD08C[1].ALB.Ttw08cA148,"","","Alberta - If the CEC balance is negative, enter the amount that would need to be included in income pursuant to paragraph 14(1)(b) ITA, as that paragraph applied immediately before January 1, 2017"
CCACat.FD08C[1].ALB.Ttw08cA149,"","","Alberta - Deductions that reduced CEC in respect of the business for taxation years ending before January 1, 2017"
CCACat.FD08C[1].ALB.Ttw08cA150,"","","Alberta - Deemed total capital cost of property in the class under paragraph 13(38)(a) ITA (4/3 x [G + (3/2 x H) + I + J])"
CCACat.FD08C[1].ALB.Ttw08cA151,"","","Alberta - Amount deemed allowed as a deduction against the capital cost of property in the class under paragraph 13(38)(c) ITA for taxation years ending before January 1, 2017"
CCACat.FD08C[1].ALB.Ttw08cA152,"","","Alberta - UCC balance in the class on January 1, 2017 (K - L)"
CCACat.FD08C[1].ALB.Ttw08cA153,"","","Alberta - CCA claimed with respect to this UCC balance in preceding taxation years"
CCACat.FD08C[1].ALB.Ttw08cA154,"","","Alberta - Rate applicable to the additional deduction"
CCACat.FD08C[1].ALB.Ttw08cA155,"","","Alberta - Eligible CCA"
CCACat.FD08C[1].ALB.Ttw08cA156,"","","Alberta - Additional deduction"
CCACat.FD08C[1].ALB.Ttw08cA160,"","","Alberta - UCC adjustments under subsection 13(39) ITA"
CCACat.FD08C[1].ALB.Ttw08cA161,"","","Alberta - Item D.1 of the CEC definition in subsection 14(5) ITA, as that subsection applied immediately before January 1, 2017"
CCACat.FD08C[1].ALB.Ttw08cA162,"","","Alberta - Total UCC adjustments in preceding taxation years under subsection 13(39) ITA"
CCACat.FD08C[1].ALB.Ttw08cA164,"","","Alberta - Cost of additions included at line 203 that are AIIP or ZEP - Available before 2024"
CCACat.FD08C[1].ALB.Ttw08cA174,"0","","Alberta - Net capital cost for additions of AIIP and ZEV acquired before 2025"
CCACat.FD08C[1].ALB.Ttw08cA188,"","","Alberta - Assistance received or receivable during the year for a property after its disposition"
CCACat.FD08C[1].ALB.Ttw08cA189,"0","","Alberta - Proceeds of disposition available to reduce the UCC of AIIP, RIIP and ZEV"
CCACat.FD08C[1].ALB.Ttw08cA190,"","","Alberta - UCC adjustment for AIIP and ZEV acquired before 2025"
CCACat.FD08C[1].ALB.Ttw08cA194,"0","","Alberta - UCC adjustment for other property acquired during the year"
CCACat.FD08C[1].ALB.Ttw08cA163,"","","Alberta - Amount repaid during the year for a property after its disposition"
CCACat.FD08C[1].ALB.Ttw08cA206,"","","Alberta - Cost of additions included at line 203 that are AIIP or ZEV acquired before 2025"
CCACat.FD08C[1].ALB.Ttw08cA213,"","","Alberta - Negative UCC (closing)"
CCACat.FD08C[1].ALB.Ttw08cA214,"","","Alberta - Cost of additions included at line 203 that are AIIP or ZEV acquired before 2025 - Available for use in 2024 and 2025"
CCACat.FD08C[1].ALB.Ttw08cA215,"","","Alberta - Cost of additions included at line 203 that are AIIP or ZEV acquired before 2025 - Available for use in 2026 and 2027"
CCACat.FD08C[1].ALB.Ttw08cA219,"","","Alberta - Non-compliant CCA amount (short-term rentals)"
CCACat.FD08C[1].ALB.Ttw08cA220,"","","Alberta - Classes 44, 46 and 50 only - Acquired before April 16, 2024"
CCACat.FD08C[1].ALB.Ttw08cA221,"","","Alberta - Classes 44, 46 and 50 only - Acquired after April 15, 2024, and before 2025"
CCACat.FD08C[1].ALB.Ttw08cA222,"5000","","Alberta - Cost of additions included at line 203 that are RIIP or ZEV acquired after 2024"
CCACat.FD08C[1].ALB.Ttw08cA223,"","","Alberta - Class 43 - RIIP acquired after 2025 that would have been part of Class 53 if acquired before 2026"
CCACat.FD08C[1].ALB.Ttw08cA224,"0","","Alberta - Proceeds of disposition available to reduce the UCC of RIIP and ZEV acquired after 2024"
CCACat.FD08C[1].ALB.Ttw08cA225,"5000","","Alberta - Net capital cost for additions of RIIP and ZEV acquired after 2024"
CCACat.FD08C[1].ALB.Ttw08cA226,"2500","","Alberta - UCC adjustment for RIIP and ZEV acquired after 2024"
CCACat.FD08C[1].ALB.Ttw08cA179,"","","Alberta - Classes 44, 46 and 50 - RIIP available for use before 2027"
CCACat.FD08C[2].Ttw08c2,"N","","If it is rental property (under regulation 1100(11)), do you want to link this property to a Statement of real estate rental properties?"
CCACat.FD08C[2].RentalLinkCell,"","","If yes, specify the property to be linked in order to transfer data:"
CCACat.FD08C[2].Ttw08c253,"N","","Was the property a DIEP in a prior taxation year?"
CCACat.FD08C[2].Ttw08c254,"","","Proceeds of disposition for a passenger vehicle (DIEP in a prior taxation year only) - Proceeds of disposition"
CCACat.FD08C[2].Ttw08c255,"","","Proceeds of disposition for a passenger vehicle (DIEP in a prior taxation year only) - Cost of the passenger vehicle"
CCACat.FD08C[2].Ttw08c256,"","","Proceeds of disposition for a passenger vehicle (DIEP in a prior taxation year only) - Original capital cost (line 203 in the taxation year of the acquisition)"
CCACat.FD08C[2].Ttw08c257,"","","Proceeds of disposition for a passenger vehicle (DIEP in a prior taxation year only) - Government assistance received or repaid"
CCACat.FD08C[2].Ttw08c258,"","","Proceeds of disposition for a passenger vehicle (DIEP in a prior taxation year only) - Does the corporation not deal at arm's length with the purchaser?"
CCACat.FD08C[2].Ttw08c259,"","","Proceeds of disposition for a passenger vehicle (DIEP in a prior taxation year only) - Applicable proceeds of disposition"
CCACat.FD08C[2].Ttw08c296,"","","Government assistance received or entitled to be received"
CCACat.FD08C[2].Ttw08c298,"","","Is the property a RIIP?"
CCACat.FD08C[2].Ttw08c300,"","","Is the cost of acquisition reported on line 203 related to an eligible manufacturing building that qualifies for the enhanced CCA under subparagraph 1100(1)(a.1)(i) ITA?"
CCACat.FD08C[2].Ttw08c301,"","","Is the cost of acquisition reported on line 203 related to a greenhouse that qualifies for the enhanced CCA under paragraph 1100(1)ze) ITR?"
CCACat.FD08C[2].FED.Ttw08cA1,"1","","Class number"
CCACat.FD08C[2].FED.Ttw08cA2,"0,0400","","Federal - CCA rate"
CCACat.FD08C[2].FED.Ttw08cA3,"","","Description"
CCACat.FD08C[2].FED.Ttw08cA4,"","","Federal - Annual CCA on prior year additions (as per schedule below)"
CCACat.FD08C[2].FED.Ttw08cA5,"20000","","Federal - UCC at the beginning of the taxation year"
CCACat.FD08C[2].FED.Ttw08cA6,"","","Federal - ITC (prior year)"
CCACat.FD08C[2].FED.Ttw08cA8,"","","Federal - Adjustments and transfers not affecting the adjustments under subsection 1100(2) ITR"
CCACat.FD08C[2].FED.Ttw08cA9,"","","Federal - Additions (property subject to subsection 1100(2) ITR)"
CCACat.FD08C[2].FED.Ttw08cA10,"","","Federal - Additions (property not subject to subsection 1100(2) ITR)"
CCACat.FD08C[2].FED.Ttw08cA12,"","","Federal - Disposals"
CCACat.FD08C[2].FED.Ttw08cA13,"N","","Terminal loss?"
CCACat.FD08C[2].FED.Ttw08cA21,"800","","Federal - Maximum allowable CCA"
CCACat.FD08C[2].FED.Ttw08cA22,"800","","Federal - CCA claimed"
CCACat.FD08C[2].FED.Ttw08cA23,"19200","","Federal - UCC at the end of the taxation year"
CCACat.FD08C[2].FED.Ttw08cA37,"0","","Federal - Proceeds of dispositions"
CCACat.FD08C[2].FED.Ttw08cA39,"0","","Federal - Recapture of CCA"
CCACat.FD08C[2].FED.Ttw08cA40,"0","","Federal - Terminal loss"
CCACat.FD08C[2].FED.Ttw08cA41,"4","","CCA rate %"
CCACat.FD08C[2].FED.Ttw08cA90,"20000","","Federal - UCC balance"
CCACat.FD08C[2].FED.Ttw08cA94,"20000","","Federal - UCC balance (before CCA)"
CCACat.FD08C[2].FED.Ttw08cA95,"N","","Resource asset?"
CCACat.FD08C[2].FED.Ttw08cA96,"N","","Is the corporation electing under reg. 1101(5q)? (to place this property  in a separate class for rapidly depreciating electronic equipment)"
CCACat.FD08C[2].FED.Ttw08cA98,"800","","Federal - CCA"
CCACat.FD08C[2].FED.Ttw08cA115,"","","Federal - Prior year additions (1/2 year rule)"
CCACat.FD08C[2].FED.Ttw08cA125,"","","Federal - GST/HST and PST rebate"
CCACat.FD08C[2].FED.Ttw08cA50,"","","Federal - Cost of acquisitions during the year"
CCACat.FD08C[2].FED.Ttw08cA53,"","","Federal - Adjustments and transfers"
CCACat.FD08C[2].FED.Ttw08cA27,"","","Location"
CCACat.FD08C[2].FED.Ttw08cA28,"","","Acquisition date"
CCACat.FD08C[2].FED.Ttw08cA29,"","","Disposal date"
CCACat.FD08C[2].FED.Ttw08cA30,"","","Purchase cost, before GST and PST, or HST"
CCACat.FD08C[2].FED.Ttw08cA31,"","","Is the property subject to the half-year rule?"
CCACat.FD08C[2].FED.Ttw08cA32,"","","GST or HST payable on purchase"
CCACat.FD08C[2].FED.Ttw08cA33,"","","GST or HST input tax credit or rebate"
CCACat.FD08C[2].FED.Ttw08cA34,"","","PST payable on purchase"
CCACat.FD08C[2].FED.Ttw08cA35,"","","Trade-in value (note 2)"
CCACat.FD08C[2].FED.Ttw08cA54,"","","Amortization period for current year additions"
CCACat.FD08C[2].FED.Ttw08cA55,"","","Termination date of the lease (including next renewal term)"
CCACat.FD08C[2].FED.Ttw08cA167,"","","Is one of the properties acquired during the year an AIIP?"
CCACat.FD08C[2].FED.Ttw08cA133,"","","Current-year additions - Description of property"
CCACat.FD08C[2].FED.Ttw08cA134,"","","Current year additions - Date of acquisition"
CCACat.FD08C[2].FED.Ttw08cA135,"","","Current year additions - Termination date"
CCACat.FD08C[2].FED.Ttw08cA136,"","","Number of days of ownership"
CCACat.FD08C[2].FED.Ttw08cA137,"","","Amortization period"
CCACat.FD08C[2].FED.Ttw08cA138,"","","PST input tax credit or rebate"
CCACat.FD08C[2].FED.Ttw08cA166,"","","Is the property an AIIP?"
CCACat.FD08C[2].FED.Ttw08cA144,"","","Total percentages on lines 303 (must equal 100%)"
CCACat.FD08C[2].FED.Ttw08cA145,"N","","Additions (property subject to subsection 1100(2) ITR) - Select this check box if the property in class 12 is subject to subsection 1100(2) ITR"
CCACat.FD08C[2].FED.Ttw08cA146,"","","Business name"
CCACat.FD08C[2].FED.Ttw08cA147,"","","Federal - Cumulative eligible capital (CEC) balance (positive or negative) in respect of the business on January 1, 2017"
CCACat.FD08C[2].FED.Ttw08cA148,"","","Federal - If the CEC balance is negative, enter the amount that would need to be included in income pursuant to paragraph 14(1)(b) ITA, as that paragraph applied immediately before January 1, 2017"
CCACat.FD08C[2].FED.Ttw08cA149,"","","Federal - Deductions that reduced CEC in respect of the business for taxation years ending before January 1, 2017"
CCACat.FD08C[2].FED.Ttw08cA150,"","","Federal - Deemed total capital cost of property in the class under paragraph 13(38)(a) ITA (4/3 x [G + (3/2 x H) + I + J])"
CCACat.FD08C[2].FED.Ttw08cA151,"","","Federal - Amount deemed allowed as a deduction against the capital cost of property in the class under paragraph 13(38)(c) ITA for taxation years ending before January 1, 2017"
CCACat.FD08C[2].FED.Ttw08cA152,"","","Federal - UCC balance in the class on January 1, 2017 (K - L)"
CCACat.FD08C[2].FED.Ttw08cA153,"","","Federal - CCA claimed with respect to this UCC balance in preceding taxation years"
CCACat.FD08C[2].FED.Ttw08cA154,"","","Federal - Rate applicable to the additional deduction"
CCACat.FD08C[2].FED.Ttw08cA155,"","","Federal - Eligible CCA"
CCACat.FD08C[2].FED.Ttw08cA156,"","","Federal - Additional deduction"
CCACat.FD08C[2].FED.Ttw08cA160,"","","Federal - UCC adjustments under subsection 13(39) ITA"
CCACat.FD08C[2].FED.Ttw08cA161,"","","Federal - Item D.1 of the CEC definition in subsection 14(5) ITA, as that subsection applied immediately before January 1, 2017"
CCACat.FD08C[2].FED.Ttw08cA162,"","","Federal - Total UCC adjustments in preceding taxation years under subsection 13(39) ITA"
CCACat.FD08C[2].FED.Ttw08cA164,"","","Federal - Cost of addictions included at line 203 that are AIIP"
CCACat.FD08C[2].FED.Ttw08cA174,"","","Federal - Net capital cost for additions of AIIP and ZEV acquired before 2025"
CCACat.FD08C[2].FED.Ttw08cA183,"","","Is this a separate class used solely for the Québec income tax return and relating to prescribed property qualifying for the additional CCA of 30%?"
CCACat.FD08C[2].FED.Ttw08cA184,"","","Are properties entered in the Québec column eligible for the additional CCA of 30%?"
CCACat.FD08C[2].FED.Ttw08cA188,"","","Federal - Assistance received or receivable during the year for a property after its disposition"
CCACat.FD08C[2].FED.Ttw08cA189,"","","Federal - Proceeds of disposition available to reduce additions of AIIP, RIIP and ZEV"
CCACat.FD08C[2].FED.Ttw08cA190,"","","Federal - UCC adjustment for AIIP and ZEV acquired before 2025"
CCACat.FD08C[2].FED.Ttw08cA194,"","","Federal - UCC adjustment for other property acquired during the year"
CCACat.FD08C[2].FED.Ttw08cA163,"","","Federal - Amount repaid during the year for a property after its disposition"
CCACat.FD08C[2].FED.Ttw08cA206,"","","Federal - Cost of additions included at line 203 that are AIIP or ZEV acquired before 2025"
CCACat.FD08C[2].FED.Ttw08cA213,"","","Federal - Negative UCC (closing)"
CCACat.FD08C[2].FED.Ttw08cA214,"","","Federal - Cost of additions included at line 203 that are AIIP or ZEV acquired before 2025 - Available for use in 2024 and 2025"
CCACat.FD08C[2].FED.Ttw08cA215,"","","Federal - Cost of additions included at line 203 that are AIIP or ZEV acquired before 2025 - Available for use in 2026 and 2027"
CCACat.FD08C[2].FED.Ttw08cA219,"","","Federal - Non-compliant CCA amount (short-term rentals)"
CCACat.FD08C[2].FED.Ttw08cA220,"","","Federal - Classes 44, 46 and 50 only - Acquired before April 16, 2024"
CCACat.FD08C[2].FED.Ttw08cA221,"","","Federal - Classes 44, 46 and 50 only - Acquired after April 15, 2024, and before 2025"
CCACat.FD08C[2].FED.Ttw08cA222,"","","Federal - Cost of additions included at line 203 that are RIIP or ZEV acquired after 2024"
CCACat.FD08C[2].FED.Ttw08cA223,"","","Federal - Class 43 - RIIP acquired after 2025 that would have been part of Class 53 if acquired before 2026"
CCACat.FD08C[2].FED.Ttw08cA224,"","","Federal - Proceeds of disposition available to reduce the UCC of RIIP and ZEV acquired after 2024"
CCACat.FD08C[2].FED.Ttw08cA225,"","","Federal - Net capital cost additions of RIIP and ZEV acquired after 2024"
CCACat.FD08C[2].FED.Ttw08cA226,"","","Federal - UCC adjustment for RIIP and ZEV acquired after 2024"
CCACat.FD08C[2].FED.Ttw08cA179,"","","Federal - Classes 44, 46 and 50 - RIIP available for use before 2027"
CCACat.FD08C[2].QUE.Ttw08cA2,"0,0400","","Québec - CCA rate"
CCACat.FD08C[2].QUE.Ttw08cA4,"","","Québec - Annual CCA on prior year additions (as per schedule below)"
CCACat.FD08C[2].QUE.Ttw08cA5,"20000","","Québec - UCC at the beginning of the taxation year"
CCACat.FD08C[2].QUE.Ttw08cA6,"","","Québec - ITC (prior year)"
CCACat.FD08C[2].QUE.Ttw08cA8,"","","Québec - Adjustments and transfers not affecting the adjustments under subsection 1100(2) ITR"
CCACat.FD08C[2].QUE.Ttw08cA9,"","","Québec - Additions (property subject to subsection 1100(2) ITR)"
CCACat.FD08C[2].QUE.Ttw08cA10,"","","Québec - Additions (property not subject to subsection 1100(2) ITR)"
CCACat.FD08C[2].QUE.Ttw08cA12,"","","Québec - Disposals"
CCACat.FD08C[2].QUE.Ttw08cA21,"800","","Québec - Maximum allowable CCA"
CCACat.FD08C[2].QUE.Ttw08cA22,"800","","Québec - CCA claimed"
CCACat.FD08C[2].QUE.Ttw08cA23,"19200","","Québec - UCC at the end of the taxation year"
CCACat.FD08C[2].QUE.Ttw08cA90,"20000","","Québec - UCC balance"
CCACat.FD08C[2].QUE.Ttw08cA94,"20000","","Québec - UCC balance (before CCA)"
CCACat.FD08C[2].QUE.Ttw08cA115,"","","Québec - Prior year additions (1/2 year rule)"
CCACat.FD08C[2].QUE.Ttw08cA125,"","","Québec - GST/HST and PST rebate"
CCACat.FD08C[2].QUE.Ttw08cA147,"","","Québec - Cumulative eligible capital (CEC) balance (positive or negative) in respect of the business on January 1, 2017"
CCACat.FD08C[2].QUE.Ttw08cA148,"","","Québec - If the CEC balance is negative, enter the amount that would need to be included in income pursuant to paragraph 14(1)(b) ITA, as that paragraph applied immediately before January 1, 2017"
CCACat.FD08C[2].QUE.Ttw08cA149,"","","Québec - Deductions that reduced CEC in respect of the business for taxation years ending before January 1, 2017"
CCACat.FD08C[2].QUE.Ttw08cA150,"","","Québec - Deemed total capital cost of property in the class under paragraph 13(38)(a) ITA (4/3 x [G + (3/2 x H) + I + J])"
CCACat.FD08C[2].QUE.Ttw08cA151,"","","Québec - Amount deemed allowed as a deduction against the capital cost of property in the class under paragraph 13(38)(c) ITA for taxation years ending before January 1, 2017"
CCACat.FD08C[2].QUE.Ttw08cA152,"","","Québec - UCC balance in the class on January 1, 2017 (K - L)"
CCACat.FD08C[2].QUE.Ttw08cA153,"","","Québec - CCA claimed with respect to this UCC balance in preceding taxation years"
CCACat.FD08C[2].QUE.Ttw08cA154,"","","Québec - Rate applicable to the additional deduction"
CCACat.FD08C[2].QUE.Ttw08cA155,"","","Québec - Eligible CCA"
CCACat.FD08C[2].QUE.Ttw08cA156,"","","Québec - Additional deduction"
CCACat.FD08C[2].QUE.Ttw08cA160,"","","Québec - UCC adjustments under subsection 13(39) ITA"
CCACat.FD08C[2].QUE.Ttw08cA161,"","","Québec - Item D.1 of the CEC definition in subsection 14(5) ITA, as that subsection applied immediately before January 1, 2017"
CCACat.FD08C[2].QUE.Ttw08cA162,"","","Québec - Total UCC adjustments in preceding taxation years under subsection 13(39) ITA"
CCACat.FD08C[2].QUE.Ttw08cA164,"","","Québec - Cost of additions included at line 203 that are AIIP or ZEP - Available for use before 2024"
CCACat.FD08C[2].QUE.Ttw08cA174,"","","Québec - Net capital cost for additions of AIIP and ZEV acquired before 2025"
CCACat.FD08C[2].QUE.Ttw08cA188,"","","Québec - Assistance received or receivable during the year for a property after its disposition"
CCACat.FD08C[2].QUE.Ttw08cA189,"","","Québec - Proceeds of disposition available to reduce the UCC of AIIP, RIIP and ZEV"
CCACat.FD08C[2].QUE.Ttw08cA190,"","","Québec - UCC adjustment for AIIP and ZEV acquired before 2025"
CCACat.FD08C[2].QUE.Ttw08cA194,"","","Québec - UCC adjustment for other property acquired during the year"
CCACat.FD08C[2].QUE.Ttw08cA163,"","","Québec - Amount repaid during the year for a property after its disposition"
CCACat.FD08C[2].QUE.Ttw08cA206,"","","Québec - Cost of additions included at line 203 that are AIIP or ZEV acquired before 2025"
CCACat.FD08C[2].QUE.Ttw08cA213,"","","Québec - Negative UCC (closing)"
CCACat.FD08C[2].QUE.Ttw08cA214,"","","Québec - Cost of additions included at line 203 that are AIIP or ZEV acquired before 2025 - Available for use in 2024 and 2025"
CCACat.FD08C[2].QUE.Ttw08cA215,"","","Québec - Cost of additions included at line 203 that are AIIP or ZEV acquired before 2025 - Available for use in 2026 and 2027"
CCACat.FD08C[2].QUE.Ttw08cA216,"","","Québec - Capital cost included on line 203 of property qualified for the accelerated depreciation special rules in Québec - Available for use in 2024 and 2025"
CCACat.FD08C[2].QUE.Ttw08cA217,"","","Québec - Capital cost included on line 203 of property qualified for the accelerated depreciation special rules in Québec - Available for use in 2026 and 2027"
CCACat.FD08C[2].QUE.Ttw08cA219,"","","Québec - Non-compliant CCA amount (short-term rentals)"
CCACat.FD08C[2].QUE.Ttw08cA220,"","","Québec - Classes 44, 46 and 50 only - Acquired before April 16, 2024"
CCACat.FD08C[2].QUE.Ttw08cA221,"","","Québec - Classes 44, 46 and 50 only - Acquired after April 15, 2024, and before 2025"
CCACat.FD08C[2].QUE.Ttw08cA222,"","","Québec - Cost of additions included at line 203 that are RIIP or ZEV acquired after 2024"
CCACat.FD08C[2].QUE.Ttw08cA223,"","","Québec - Class 43 - RIIP acquired after 2025 that would have been part of Class 53 if acquired before 2026"
CCACat.FD08C[2].QUE.Ttw08cA224,"","","Québec - Proceeds of disposition available to reduce the UCC of RIIP and ZEV acquired after 2024"
CCACat.FD08C[2].QUE.Ttw08cA225,"","","Québec - Net capital cost for additions of RIIP and ZEV acquired after 2024"
CCACat.FD08C[2].QUE.Ttw08cA226,"","","Québec - UCC adjustment for RIIP and ZEV acquired after 2024"
CCACat.FD08C[2].QUE.Ttw08cA179,"","","Québec - Classes 44, 46 and 50 - RIIP available for use before 2027"
CCACat.FD08C[2].ALB.Ttw08cA2,"0,0400","","Alberta - CCA rate"
CCACat.FD08C[2].ALB.Ttw08cA4,"","","Alberta - Annual CCA on prior year additions (as per schedule below)"
CCACat.FD08C[2].ALB.Ttw08cA5,"20000","","Alberta - UCC at the beginning of the taxation year"
CCACat.FD08C[2].ALB.Ttw08cA6,"","","Alberta - ITC (prior year)"
CCACat.FD08C[2].ALB.Ttw08cA8,"","","Alberta - Adjustments and transfers not affecting the adjustments under subsection 1100(2) ITR"
CCACat.FD08C[2].ALB.Ttw08cA9,"","","Alberta - Additions (property subject to subsection 1100(2) ITR)"
CCACat.FD08C[2].ALB.Ttw08cA10,"","","Alberta - Additions (property not subject to subsection 1100(2) ITR)"
CCACat.FD08C[2].ALB.Ttw08cA12,"","","Alberta - Disposals"
CCACat.FD08C[2].ALB.Ttw08cA21,"800","","Alberta - Maximum allowable CCA"
CCACat.FD08C[2].ALB.Ttw08cA22,"800","","Alberta - CCA claimed"
CCACat.FD08C[2].ALB.Ttw08cA23,"19200","","Alberta - UCC at the end of the taxation year"
CCACat.FD08C[2].ALB.Ttw08cA90,"20000","","Alberta - UCC balance"
CCACat.FD08C[2].ALB.Ttw08cA94,"20000","","Alberta - UCC balance (before CCA)"
CCACat.FD08C[2].ALB.Ttw08cA115,"","","Alberta - Prior year additions (1/2 year rule)"
CCACat.FD08C[2].ALB.Ttw08cA125,"","","Alberta - GST/HST and PST rebate"
CCACat.FD08C[2].ALB.Ttw08cA147,"","","Alberta - Cumulative eligible capital (CEC) balance (positive or negative) in respect of the business on January 1, 2017"
CCACat.FD08C[2].ALB.Ttw08cA148,"","","Alberta - If the CEC balance is negative, enter the amount that would need to be included in income pursuant to paragraph 14(1)(b) ITA, as that paragraph applied immediately before January 1, 2017"
CCACat.FD08C[2].ALB.Ttw08cA149,"","","Alberta - Deductions that reduced CEC in respect of the business for taxation years ending before January 1, 2017"
CCACat.FD08C[2].ALB.Ttw08cA150,"","","Alberta - Deemed total capital cost of property in the class under paragraph 13(38)(a) ITA (4/3 x [G + (3/2 x H) + I + J])"
CCACat.FD08C[2].ALB.Ttw08cA151,"","","Alberta - Amount deemed allowed as a deduction against the capital cost of property in the class under paragraph 13(38)(c) ITA for taxation years ending before January 1, 2017"
CCACat.FD08C[2].ALB.Ttw08cA152,"","","Alberta - UCC balance in the class on January 1, 2017 (K - L)"
CCACat.FD08C[2].ALB.Ttw08cA153,"","","Alberta - CCA claimed with respect to this UCC balance in preceding taxation years"
CCACat.FD08C[2].ALB.Ttw08cA154,"","","Alberta - Rate applicable to the additional deduction"
CCACat.FD08C[2].ALB.Ttw08cA155,"","","Alberta - Eligible CCA"
CCACat.FD08C[2].ALB.Ttw08cA156,"","","Alberta - Additional deduction"
CCACat.FD08C[2].ALB.Ttw08cA160,"","","Alberta - UCC adjustments under subsection 13(39) ITA"
CCACat.FD08C[2].ALB.Ttw08cA161,"","","Alberta - Item D.1 of the CEC definition in subsection 14(5) ITA, as that subsection applied immediately before January 1, 2017"
CCACat.FD08C[2].ALB.Ttw08cA162,"","","Alberta - Total UCC adjustments in preceding taxation years under subsection 13(39) ITA"
CCACat.FD08C[2].ALB.Ttw08cA164,"","","Alberta - Cost of additions included at line 203 that are AIIP or ZEP - Available before 2024"
CCACat.FD08C[2].ALB.Ttw08cA174,"","","Alberta - Net capital cost for additions of AIIP and ZEV acquired before 2025"
CCACat.FD08C[2].ALB.Ttw08cA188,"","","Alberta - Assistance received or receivable during the year for a property after its disposition"
CCACat.FD08C[2].ALB.Ttw08cA189,"","","Alberta - Proceeds of disposition available to reduce the UCC of AIIP, RIIP and ZEV"
CCACat.FD08C[2].ALB.Ttw08cA190,"","","Alberta - UCC adjustment for AIIP and ZEV acquired before 2025"
CCACat.FD08C[2].ALB.Ttw08cA194,"","","Alberta - UCC adjustment for other property acquired during the year"
CCACat.FD08C[2].ALB.Ttw08cA163,"","","Alberta - Amount repaid during the year for a property after its disposition"
CCACat.FD08C[2].ALB.Ttw08cA206,"","","Alberta - Cost of additions included at line 203 that are AIIP or ZEV acquired before 2025"
CCACat.FD08C[2].ALB.Ttw08cA213,"","","Alberta - Negative UCC (closing)"
CCACat.FD08C[2].ALB.Ttw08cA214,"","","Alberta - Cost of additions included at line 203 that are AIIP or ZEV acquired before 2025 - Available for use in 2024 and 2025"
CCACat.FD08C[2].ALB.Ttw08cA215,"","","Alberta - Cost of additions included at line 203 that are AIIP or ZEV acquired before 2025 - Available for use in 2026 and 2027"
CCACat.FD08C[2].ALB.Ttw08cA219,"","","Alberta - Non-compliant CCA amount (short-term rentals)"
CCACat.FD08C[2].ALB.Ttw08cA220,"","","Alberta - Classes 44, 46 and 50 only - Acquired before April 16, 2024"
CCACat.FD08C[2].ALB.Ttw08cA221,"","","Alberta - Classes 44, 46 and 50 only - Acquired after April 15, 2024, and before 2025"
CCACat.FD08C[2].ALB.Ttw08cA222,"","","Alberta - Cost of additions included at line 203 that are RIIP or ZEV acquired after 2024"
CCACat.FD08C[2].ALB.Ttw08cA223,"","","Alberta - Class 43 - RIIP acquired after 2025 that would have been part of Class 53 if acquired before 2026"
CCACat.FD08C[2].ALB.Ttw08cA224,"","","Alberta - Proceeds of disposition available to reduce the UCC of RIIP and ZEV acquired after 2024"
CCACat.FD08C[2].ALB.Ttw08cA225,"","","Alberta - Net capital cost for additions of RIIP and ZEV acquired after 2024"
CCACat.FD08C[2].ALB.Ttw08cA226,"","","Alberta - UCC adjustment for RIIP and ZEV acquired after 2024"
CCACat.FD08C[2].ALB.Ttw08cA179,"","","Alberta - Classes 44, 46 and 50 - RIIP available for use before 2027"
CCACat.FD08C[3].Ttw08c2,"N","","If it is rental property (under regulation 1100(11)), do you want to link this property to a Statement of real estate rental properties?"
CCACat.FD08C[3].RentalLinkCell,"","","If yes, specify the property to be linked in order to transfer data:"
CCACat.FD08C[3].Ttw08c253,"N","","Was the property a DIEP in a prior taxation year?"
CCACat.FD08C[3].Ttw08c254,"","","Proceeds of disposition for a passenger vehicle (DIEP in a prior taxation year only) - Proceeds of disposition"
CCACat.FD08C[3].Ttw08c255,"","","Proceeds of disposition for a passenger vehicle (DIEP in a prior taxation year only) - Cost of the passenger vehicle"
CCACat.FD08C[3].Ttw08c256,"","","Proceeds of disposition for a passenger vehicle (DIEP in a prior taxation year only) - Original capital cost (line 203 in the taxation year of the acquisition)"
CCACat.FD08C[3].Ttw08c257,"","","Proceeds of disposition for a passenger vehicle (DIEP in a prior taxation year only) - Government assistance received or repaid"
CCACat.FD08C[3].Ttw08c258,"","","Proceeds of disposition for a passenger vehicle (DIEP in a prior taxation year only) - Does the corporation not deal at arm's length with the purchaser?"
CCACat.FD08C[3].Ttw08c259,"","","Proceeds of disposition for a passenger vehicle (DIEP in a prior taxation year only) - Applicable proceeds of disposition"
CCACat.FD08C[3].Ttw08c296,"","","Government assistance received or entitled to be received"
CCACat.FD08C[3].Ttw08c298,"","","Is the property a RIIP?"
CCACat.FD08C[3].Ttw08c300,"","","Is the cost of acquisition reported on line 203 related to an eligible manufacturing building that qualifies for the enhanced CCA under subparagraph 1100(1)(a.1)(i) ITA?"
CCACat.FD08C[3].Ttw08c301,"","","Is the cost of acquisition reported on line 203 related to a greenhouse that qualifies for the enhanced CCA under paragraph 1100(1)ze) ITR?"
CCACat.FD08C[3].FED.Ttw08cA1,"10","","Class number"
CCACat.FD08C[3].FED.Ttw08cA2,"0,3000","","Federal - CCA rate"
CCACat.FD08C[3].FED.Ttw08cA3,"","","Description"
CCACat.FD08C[3].FED.Ttw08cA4,"","","Federal - Annual CCA on prior year additions (as per schedule below)"
CCACat.FD08C[3].FED.Ttw08cA5,"","","Federal - UCC at the beginning of the taxation year"
CCACat.FD08C[3].FED.Ttw08cA6,"","","Federal - ITC (prior year)"
CCACat.FD08C[3].FED.Ttw08cA8,"","","Federal - Adjustments and transfers not affecting the adjustments under subsection 1100(2) ITR"
CCACat.FD08C[3].FED.Ttw08cA9,"","","Federal - Additions (property subject to subsection 1100(2) ITR)"
CCACat.FD08C[3].FED.Ttw08cA10,"","","Federal - Additions (property not subject to subsection 1100(2) ITR)"
CCACat.FD08C[3].FED.Ttw08cA12,"","","Federal - Disposals"
CCACat.FD08C[3].FED.Ttw08cA13,"N","","Terminal loss?"
CCACat.FD08C[3].FED.Ttw08cA21,"","","Federal - Maximum allowable CCA"
CCACat.FD08C[3].FED.Ttw08cA22,"","","Federal - CCA claimed"
CCACat.FD08C[3].FED.Ttw08cA23,"","","Federal - UCC at the end of the taxation year"
CCACat.FD08C[3].FED.Ttw08cA37,"0","","Federal - Proceeds of dispositions"
CCACat.FD08C[3].FED.Ttw08cA39,"0","","Federal - Recapture of CCA"
CCACat.FD08C[3].FED.Ttw08cA40,"0","","Federal - Terminal loss"
CCACat.FD08C[3].FED.Ttw08cA41,"30","","CCA rate %"
CCACat.FD08C[3].FED.Ttw08cA90,"","","Federal - UCC balance"
CCACat.FD08C[3].FED.Ttw08cA94,"","","Federal - UCC balance (before CCA)"
CCACat.FD08C[3].FED.Ttw08cA95,"N","","Resource asset?"
CCACat.FD08C[3].FED.Ttw08cA96,"N","","Is the corporation electing under reg. 1101(5q)? (to place this property  in a separate class for rapidly depreciating electronic equipment)"
CCACat.FD08C[3].FED.Ttw08cA98,"","","Federal - CCA"
CCACat.FD08C[3].FED.Ttw08cA115,"","","Federal - Prior year additions (1/2 year rule)"
CCACat.FD08C[3].FED.Ttw08cA125,"","","Federal - GST/HST and PST rebate"
CCACat.FD08C[3].FED.Ttw08cA50,"","","Federal - Cost of acquisitions during the year"
CCACat.FD08C[3].FED.Ttw08cA53,"","","Federal - Adjustments and transfers"
CCACat.FD08C[3].FED.Ttw08cA27,"","","Location"
CCACat.FD08C[3].FED.Ttw08cA28,"","","Acquisition date"
CCACat.FD08C[3].FED.Ttw08cA29,"","","Disposal date"
CCACat.FD08C[3].FED.Ttw08cA30,"","","Purchase cost, before GST and PST, or HST"
CCACat.FD08C[3].FED.Ttw08cA31,"","","Is the property subject to the half-year rule?"
CCACat.FD08C[3].FED.Ttw08cA32,"","","GST or HST payable on purchase"
CCACat.FD08C[3].FED.Ttw08cA33,"","","GST or HST input tax credit or rebate"
CCACat.FD08C[3].FED.Ttw08cA34,"","","PST payable on purchase"
CCACat.FD08C[3].FED.Ttw08cA35,"","","Trade-in value (note 2)"
CCACat.FD08C[3].FED.Ttw08cA54,"","","Amortization period for current year additions"
CCACat.FD08C[3].FED.Ttw08cA55,"","","Termination date of the lease (including next renewal term)"
CCACat.FD08C[3].FED.Ttw08cA167,"","","Is one of the properties acquired during the year an AIIP?"
CCACat.FD08C[3].FED.Ttw08cA133,"","","Current-year additions - Description of property"
CCACat.FD08C[3].FED.Ttw08cA134,"","","Current year additions - Date of acquisition"
CCACat.FD08C[3].FED.Ttw08cA135,"","","Current year additions - Termination date"
CCACat.FD08C[3].FED.Ttw08cA136,"","","Number of days of ownership"
CCACat.FD08C[3].FED.Ttw08cA137,"","","Amortization period"
CCACat.FD08C[3].FED.Ttw08cA138,"","","PST input tax credit or rebate"
CCACat.FD08C[3].FED.Ttw08cA166,"","","Is the property an AIIP?"
CCACat.FD08C[3].FED.Ttw08cA144,"","","Total percentages on lines 303 (must equal 100%)"
CCACat.FD08C[3].FED.Ttw08cA145,"N","","Additions (property subject to subsection 1100(2) ITR) - Select this check box if the property in class 12 is subject to subsection 1100(2) ITR"
CCACat.FD08C[3].FED.Ttw08cA146,"","","Business name"
CCACat.FD08C[3].FED.Ttw08cA147,"","","Federal - Cumulative eligible capital (CEC) balance (positive or negative) in respect of the business on January 1, 2017"
CCACat.FD08C[3].FED.Ttw08cA148,"","","Federal - If the CEC balance is negative, enter the amount that would need to be included in income pursuant to paragraph 14(1)(b) ITA, as that paragraph applied immediately before January 1, 2017"
CCACat.FD08C[3].FED.Ttw08cA149,"","","Federal - Deductions that reduced CEC in respect of the business for taxation years ending before January 1, 2017"
CCACat.FD08C[3].FED.Ttw08cA150,"","","Federal - Deemed total capital cost of property in the class under paragraph 13(38)(a) ITA (4/3 x [G + (3/2 x H) + I + J])"
CCACat.FD08C[3].FED.Ttw08cA151,"","","Federal - Amount deemed allowed as a deduction against the capital cost of property in the class under paragraph 13(38)(c) ITA for taxation years ending before January 1, 2017"
CCACat.FD08C[3].FED.Ttw08cA152,"","","Federal - UCC balance in the class on January 1, 2017 (K - L)"
CCACat.FD08C[3].FED.Ttw08cA153,"","","Federal - CCA claimed with respect to this UCC balance in preceding taxation years"
CCACat.FD08C[3].FED.Ttw08cA154,"","","Federal - Rate applicable to the additional deduction"
CCACat.FD08C[3].FED.Ttw08cA155,"","","Federal - Eligible CCA"
CCACat.FD08C[3].FED.Ttw08cA156,"","","Federal - Additional deduction"
CCACat.FD08C[3].FED.Ttw08cA160,"","","Federal - UCC adjustments under subsection 13(39) ITA"
CCACat.FD08C[3].FED.Ttw08cA161,"","","Federal - Item D.1 of the CEC definition in subsection 14(5) ITA, as that subsection applied immediately before January 1, 2017"
CCACat.FD08C[3].FED.Ttw08cA162,"","","Federal - Total UCC adjustments in preceding taxation years under subsection 13(39) ITA"
CCACat.FD08C[3].FED.Ttw08cA164,"","","Federal - Cost of addictions included at line 203 that are AIIP"
CCACat.FD08C[3].FED.Ttw08cA174,"","","Federal - Net capital cost for additions of AIIP and ZEV acquired before 2025"
CCACat.FD08C[3].FED.Ttw08cA183,"","","Is this a separate class used solely for the Québec income tax return and relating to prescribed property qualifying for the additional CCA of 30%?"
CCACat.FD08C[3].FED.Ttw08cA184,"","","Are properties entered in the Québec column eligible for the additional CCA of 30%?"
CCACat.FD08C[3].FED.Ttw08cA188,"","","Federal - Assistance received or receivable during the year for a property after its disposition"
CCACat.FD08C[3].FED.Ttw08cA189,"","","Federal - Proceeds of disposition available to reduce additions of AIIP, RIIP and ZEV"
CCACat.FD08C[3].FED.Ttw08cA190,"","","Federal - UCC adjustment for AIIP and ZEV acquired before 2025"
CCACat.FD08C[3].FED.Ttw08cA194,"","","Federal - UCC adjustment for other property acquired during the year"
CCACat.FD08C[3].FED.Ttw08cA163,"","","Federal - Amount repaid during the year for a property after its disposition"
CCACat.FD08C[3].FED.Ttw08cA206,"","","Federal - Cost of additions included at line 203 that are AIIP or ZEV acquired before 2025"
CCACat.FD08C[3].FED.Ttw08cA213,"","","Federal - Negative UCC (closing)"
CCACat.FD08C[3].FED.Ttw08cA214,"","","Federal - Cost of additions included at line 203 that are AIIP or ZEV acquired before 2025 - Available for use in 2024 and 2025"
CCACat.FD08C[3].FED.Ttw08cA215,"","","Federal - Cost of additions included at line 203 that are AIIP or ZEV acquired before 2025 - Available for use in 2026 and 2027"
CCACat.FD08C[3].FED.Ttw08cA219,"","","Federal - Non-compliant CCA amount (short-term rentals)"
CCACat.FD08C[3].FED.Ttw08cA220,"","","Federal - Classes 44, 46 and 50 only - Acquired before April 16, 2024"
CCACat.FD08C[3].FED.Ttw08cA221,"","","Federal - Classes 44, 46 and 50 only - Acquired after April 15, 2024, and before 2025"
CCACat.FD08C[3].FED.Ttw08cA222,"","","Federal - Cost of additions included at line 203 that are RIIP or ZEV acquired after 2024"
CCACat.FD08C[3].FED.Ttw08cA223,"","","Federal - Class 43 - RIIP acquired after 2025 that would have been part of Class 53 if acquired before 2026"
CCACat.FD08C[3].FED.Ttw08cA224,"","","Federal - Proceeds of disposition available to reduce the UCC of RIIP and ZEV acquired after 2024"
CCACat.FD08C[3].FED.Ttw08cA225,"","","Federal - Net capital cost additions of RIIP and ZEV acquired after 2024"
CCACat.FD08C[3].FED.Ttw08cA226,"","","Federal - UCC adjustment for RIIP and ZEV acquired after 2024"
CCACat.FD08C[3].FED.Ttw08cA179,"","","Federal - Classes 44, 46 and 50 - RIIP available for use before 2027"
CCACat.FD08C[3].QUE.Ttw08cA2,"0,3000","","Québec - CCA rate"
CCACat.FD08C[3].QUE.Ttw08cA4,"","","Québec - Annual CCA on prior year additions (as per schedule below)"
CCACat.FD08C[3].QUE.Ttw08cA5,"","","Québec - UCC at the beginning of the taxation year"
CCACat.FD08C[3].QUE.Ttw08cA6,"","","Québec - ITC (prior year)"
CCACat.FD08C[3].QUE.Ttw08cA8,"","","Québec - Adjustments and transfers not affecting the adjustments under subsection 1100(2) ITR"
CCACat.FD08C[3].QUE.Ttw08cA9,"","","Québec - Additions (property subject to subsection 1100(2) ITR)"
CCACat.FD08C[3].QUE.Ttw08cA10,"","","Québec - Additions (property not subject to subsection 1100(2) ITR)"
CCACat.FD08C[3].QUE.Ttw08cA12,"","","Québec - Disposals"
CCACat.FD08C[3].QUE.Ttw08cA21,"","","Québec - Maximum allowable CCA"
CCACat.FD08C[3].QUE.Ttw08cA22,"","","Québec - CCA claimed"
CCACat.FD08C[3].QUE.Ttw08cA23,"","","Québec - UCC at the end of the taxation year"
CCACat.FD08C[3].QUE.Ttw08cA90,"","","Québec - UCC balance"
CCACat.FD08C[3].QUE.Ttw08cA94,"","","Québec - UCC balance (before CCA)"
CCACat.FD08C[3].QUE.Ttw08cA115,"","","Québec - Prior year additions (1/2 year rule)"
CCACat.FD08C[3].QUE.Ttw08cA125,"","","Québec - GST/HST and PST rebate"
CCACat.FD08C[3].QUE.Ttw08cA147,"","","Québec - Cumulative eligible capital (CEC) balance (positive or negative) in respect of the business on January 1, 2017"
CCACat.FD08C[3].QUE.Ttw08cA148,"","","Québec - If the CEC balance is negative, enter the amount that would need to be included in income pursuant to paragraph 14(1)(b) ITA, as that paragraph applied immediately before January 1, 2017"
CCACat.FD08C[3].QUE.Ttw08cA149,"","","Québec - Deductions that reduced CEC in respect of the business for taxation years ending before January 1, 2017"
CCACat.FD08C[3].QUE.Ttw08cA150,"","","Québec - Deemed total capital cost of property in the class under paragraph 13(38)(a) ITA (4/3 x [G + (3/2 x H) + I + J])"
CCACat.FD08C[3].QUE.Ttw08cA151,"","","Québec - Amount deemed allowed as a deduction against the capital cost of property in the class under paragraph 13(38)(c) ITA for taxation years ending before January 1, 2017"
CCACat.FD08C[3].QUE.Ttw08cA152,"","","Québec - UCC balance in the class on January 1, 2017 (K - L)"
CCACat.FD08C[3].QUE.Ttw08cA153,"","","Québec - CCA claimed with respect to this UCC balance in preceding taxation years"
CCACat.FD08C[3].QUE.Ttw08cA154,"","","Québec - Rate applicable to the additional deduction"
CCACat.FD08C[3].QUE.Ttw08cA155,"","","Québec - Eligible CCA"
CCACat.FD08C[3].QUE.Ttw08cA156,"","","Québec - Additional deduction"
CCACat.FD08C[3].QUE.Ttw08cA160,"","","Québec - UCC adjustments under subsection 13(39) ITA"
CCACat.FD08C[3].QUE.Ttw08cA161,"","","Québec - Item D.1 of the CEC definition in subsection 14(5) ITA, as that subsection applied immediately before January 1, 2017"
CCACat.FD08C[3].QUE.Ttw08cA162,"","","Québec - Total UCC adjustments in preceding taxation years under subsection 13(39) ITA"
CCACat.FD08C[3].QUE.Ttw08cA164,"","","Québec - Cost of additions included at line 203 that are AIIP or ZEP - Available for use before 2024"
CCACat.FD08C[3].QUE.Ttw08cA174,"","","Québec - Net capital cost for additions of AIIP and ZEV acquired before 2025"
CCACat.FD08C[3].QUE.Ttw08cA188,"","","Québec - Assistance received or receivable during the year for a property after its disposition"
CCACat.FD08C[3].QUE.Ttw08cA189,"","","Québec - Proceeds of disposition available to reduce the UCC of AIIP, RIIP and ZEV"
CCACat.FD08C[3].QUE.Ttw08cA190,"","","Québec - UCC adjustment for AIIP and ZEV acquired before 2025"
CCACat.FD08C[3].QUE.Ttw08cA194,"","","Québec - UCC adjustment for other property acquired during the year"
CCACat.FD08C[3].QUE.Ttw08cA163,"","","Québec - Amount repaid during the year for a property after its disposition"
CCACat.FD08C[3].QUE.Ttw08cA206,"","","Québec - Cost of additions included at line 203 that are AIIP or ZEV acquired before 2025"
CCACat.FD08C[3].QUE.Ttw08cA213,"","","Québec - Negative UCC (closing)"
CCACat.FD08C[3].QUE.Ttw08cA214,"","","Québec - Cost of additions included at line 203 that are AIIP or ZEV acquired before 2025 - Available for use in 2024 and 2025"
CCACat.FD08C[3].QUE.Ttw08cA215,"","","Québec - Cost of additions included at line 203 that are AIIP or ZEV acquired before 2025 - Available for use in 2026 and 2027"
CCACat.FD08C[3].QUE.Ttw08cA216,"","","Québec - Capital cost included on line 203 of property qualified for the accelerated depreciation special rules in Québec - Available for use in 2024 and 2025"
CCACat.FD08C[3].QUE.Ttw08cA217,"","","Québec - Capital cost included on line 203 of property qualified for the accelerated depreciation special rules in Québec - Available for use in 2026 and 2027"
CCACat.FD08C[3].QUE.Ttw08cA219,"","","Québec - Non-compliant CCA amount (short-term rentals)"
CCACat.FD08C[3].QUE.Ttw08cA220,"","","Québec - Classes 44, 46 and 50 only - Acquired before April 16, 2024"
CCACat.FD08C[3].QUE.Ttw08cA221,"","","Québec - Classes 44, 46 and 50 only - Acquired after April 15, 2024, and before 2025"
CCACat.FD08C[3].QUE.Ttw08cA222,"","","Québec - Cost of additions included at line 203 that are RIIP or ZEV acquired after 2024"
CCACat.FD08C[3].QUE.Ttw08cA223,"","","Québec - Class 43 - RIIP acquired after 2025 that would have been part of Class 53 if acquired before 2026"
CCACat.FD08C[3].QUE.Ttw08cA224,"","","Québec - Proceeds of disposition available to reduce the UCC of RIIP and ZEV acquired after 2024"
CCACat.FD08C[3].QUE.Ttw08cA225,"","","Québec - Net capital cost for additions of RIIP and ZEV acquired after 2024"
CCACat.FD08C[3].QUE.Ttw08cA226,"","","Québec - UCC adjustment for RIIP and ZEV acquired after 2024"
CCACat.FD08C[3].QUE.Ttw08cA179,"","","Québec - Classes 44, 46 and 50 - RIIP available for use before 2027"
CCACat.FD08C[3].ALB.Ttw08cA2,"0,3000","","Alberta - CCA rate"
CCACat.FD08C[3].ALB.Ttw08cA4,"","","Alberta - Annual CCA on prior year additions (as per schedule below)"
CCACat.FD08C[3].ALB.Ttw08cA5,"","","Alberta - UCC at the beginning of the taxation year"
CCACat.FD08C[3].ALB.Ttw08cA6,"","","Alberta - ITC (prior year)"
CCACat.FD08C[3].ALB.Ttw08cA8,"","","Alberta - Adjustments and transfers not affecting the adjustments under subsection 1100(2) ITR"
CCACat.FD08C[3].ALB.Ttw08cA9,"","","Alberta - Additions (property subject to subsection 1100(2) ITR)"
CCACat.FD08C[3].ALB.Ttw08cA10,"","","Alberta - Additions (property not subject to subsection 1100(2) ITR)"
CCACat.FD08C[3].ALB.Ttw08cA12,"","","Alberta - Disposals"
CCACat.FD08C[3].ALB.Ttw08cA21,"","","Alberta - Maximum allowable CCA"
CCACat.FD08C[3].ALB.Ttw08cA22,"","","Alberta - CCA claimed"
CCACat.FD08C[3].ALB.Ttw08cA23,"","","Alberta - UCC at the end of the taxation year"
CCACat.FD08C[3].ALB.Ttw08cA90,"","","Alberta - UCC balance"
CCACat.FD08C[3].ALB.Ttw08cA94,"","","Alberta - UCC balance (before CCA)"
CCACat.FD08C[3].ALB.Ttw08cA115,"","","Alberta - Prior year additions (1/2 year rule)"
CCACat.FD08C[3].ALB.Ttw08cA125,"","","Alberta - GST/HST and PST rebate"
CCACat.FD08C[3].ALB.Ttw08cA147,"","","Alberta - Cumulative eligible capital (CEC) balance (positive or negative) in respect of the business on January 1, 2017"
CCACat.FD08C[3].ALB.Ttw08cA148,"","","Alberta - If the CEC balance is negative, enter the amount that would need to be included in income pursuant to paragraph 14(1)(b) ITA, as that paragraph applied immediately before January 1, 2017"
CCACat.FD08C[3].ALB.Ttw08cA149,"","","Alberta - Deductions that reduced CEC in respect of the business for taxation years ending before January 1, 2017"
CCACat.FD08C[3].ALB.Ttw08cA150,"","","Alberta - Deemed total capital cost of property in the class under paragraph 13(38)(a) ITA (4/3 x [G + (3/2 x H) + I + J])"
CCACat.FD08C[3].ALB.Ttw08cA151,"","","Alberta - Amount deemed allowed as a deduction against the capital cost of property in the class under paragraph 13(38)(c) ITA for taxation years ending before January 1, 2017"
CCACat.FD08C[3].ALB.Ttw08cA152,"","","Alberta - UCC balance in the class on January 1, 2017 (K - L)"
CCACat.FD08C[3].ALB.Ttw08cA153,"","","Alberta - CCA claimed with respect to this UCC balance in preceding taxation years"
CCACat.FD08C[3].ALB.Ttw08cA154,"","","Alberta - Rate applicable to the additional deduction"
CCACat.FD08C[3].ALB.Ttw08cA155,"","","Alberta - Eligible CCA"
CCACat.FD08C[3].ALB.Ttw08cA156,"","","Alberta - Additional deduction"
CCACat.FD08C[3].ALB.Ttw08cA160,"","","Alberta - UCC adjustments under subsection 13(39) ITA"
CCACat.FD08C[3].ALB.Ttw08cA161,"","","Alberta - Item D.1 of the CEC definition in subsection 14(5) ITA, as that subsection applied immediately before January 1, 2017"
CCACat.FD08C[3].ALB.Ttw08cA162,"","","Alberta - Total UCC adjustments in preceding taxation years under subsection 13(39) ITA"
CCACat.FD08C[3].ALB.Ttw08cA164,"","","Alberta - Cost of additions included at line 203 that are AIIP or ZEP - Available before 2024"
CCACat.FD08C[3].ALB.Ttw08cA174,"","","Alberta - Net capital cost for additions of AIIP and ZEV acquired before 2025"
CCACat.FD08C[3].ALB.Ttw08cA188,"","","Alberta - Assistance received or receivable during the year for a property after its disposition"
CCACat.FD08C[3].ALB.Ttw08cA189,"","","Alberta - Proceeds of disposition available to reduce the UCC of AIIP, RIIP and ZEV"
CCACat.FD08C[3].ALB.Ttw08cA190,"","","Alberta - UCC adjustment for AIIP and ZEV acquired before 2025"
CCACat.FD08C[3].ALB.Ttw08cA194,"","","Alberta - UCC adjustment for other property acquired during the year"
CCACat.FD08C[3].ALB.Ttw08cA163,"","","Alberta - Amount repaid during the year for a property after its disposition"
CCACat.FD08C[3].ALB.Ttw08cA206,"","","Alberta - Cost of additions included at line 203 that are AIIP or ZEV acquired before 2025"
CCACat.FD08C[3].ALB.Ttw08cA213,"","","Alberta - Negative UCC (closing)"
CCACat.FD08C[3].ALB.Ttw08cA214,"","","Alberta - Cost of additions included at line 203 that are AIIP or ZEV acquired before 2025 - Available for use in 2024 and 2025"
CCACat.FD08C[3].ALB.Ttw08cA215,"","","Alberta - Cost of additions included at line 203 that are AIIP or ZEV acquired before 2025 - Available for use in 2026 and 2027"
CCACat.FD08C[3].ALB.Ttw08cA219,"","","Alberta - Non-compliant CCA amount (short-term rentals)"
CCACat.FD08C[3].ALB.Ttw08cA220,"","","Alberta - Classes 44, 46 and 50 only - Acquired before April 16, 2024"
CCACat.FD08C[3].ALB.Ttw08cA221,"","","Alberta - Classes 44, 46 and 50 only - Acquired after April 15, 2024, and before 2025"
CCACat.FD08C[3].ALB.Ttw08cA222,"","","Alberta - Cost of additions included at line 203 that are RIIP or ZEV acquired after 2024"
CCACat.FD08C[3].ALB.Ttw08cA223,"","","Alberta - Class 43 - RIIP acquired after 2025 that would have been part of Class 53 if acquired before 2026"
CCACat.FD08C[3].ALB.Ttw08cA224,"","","Alberta - Proceeds of disposition available to reduce the UCC of RIIP and ZEV acquired after 2024"
CCACat.FD08C[3].ALB.Ttw08cA225,"","","Alberta - Net capital cost for additions of RIIP and ZEV acquired after 2024"
CCACat.FD08C[3].ALB.Ttw08cA226,"","","Alberta - UCC adjustment for RIIP and ZEV acquired after 2024"
CCACat.FD08C[3].ALB.Ttw08cA179,"","","Alberta - Classes 44, 46 and 50 - RIIP available for use before 2027"
