[NAME|0|0|GUID],"Current Year","Last Year",""
GFBGII[1].GFGII.Ttwgii1,"","","Operating name"
GFBGII[1].GFGII.Ttwgii2,"","","Description of the operation"
GFBGII[1].GFGII.Ttwgii4,"","","Account - Total revenue"
GFBGII[1].GFGII.Ttwgii5,"","","Account - Total expenses"
GFBGII[1].GFGII.Ttwgii6,"","","Account - Net non-farming income"
GFBGII[1].GFGII.Ttwgii7,"","","Account - Total sales of goods and services"
GFBGII[1].GFGII.Ttwgii8,"","","Account - Cost of sales"
GFBGII[1].GFGII.Ttwgii9,"","","Account - Gross profit/loss"
GFBGII[1].GFGII.Ttwgii10,"","","Account - Cost of sales"
GFBGII[1].GFGII.Ttwgii11,"","","Account - Total operating expenses"
GFBGII[1].GFGII.Ttwgii12,"","","Account - Total expenses"
GFBGII[1].GFGII.Ttwgii13,"","","Account - Total farm revenue"
GFBGII[1].GFGII.Ttwgii14,"","","Account - Total farm expenses"
GFBGII[1].GFGII.Ttwgii15,"","","Account - Net farm income"
GFBGII[1].GFGII.Ttwgii16,"","","Account - Net income/loss before taxes and extraordinary items"
GFBGII[1].GFGII.Ttwgii28,"","","Prior year - GIFI code 8299 - Total revenue"
GFBGII[1].GFGII.Ttwgii29,"","","Prior year - GIFI code 9368 - Total expenses"
GFBGII[1].GFGII.Ttwgii32,"","","Prior year - GIFI code 8518 - Cost of sales"
GFBGII[1].GFGII.Ttwgii33,"","","Prior year - GIFI code 8519 - Gross profit/loss"
GFBGII[1].GFGII.Ttwgii34,"","","Prior year - GIFI code 9367 - Total operating expenses"
GFBGII[1].GFGII.Ttwgii35,"","","Prior year - GIFI code 9659 - Total farm revenue"
GFBGII[1].GFGII.Ttwgii36,"","","Prior year - GIFI code 9898 - Total farm expenses"
GFBGII[1].GFGII.Ttwgii42,"","","Account - Total - other comprehensive income"
ABATA.Ttwata206,"","","If yes, provide the preparer's name or firm name (AT1 line 096)"
FDFTC.Ttwftc631,"","","Line 079 - If an election was made under section 261, state the functional currency used"
IDENT.Ident7,"","","Line 001 - Business number (BN)"
IDENT.Ident8,"","","Line 750 - Provincial or territorial jurisdiction"
IDENT.Ident10,"","","British Columbia - Account number"
IDENT.Ident20,"","","Alberta - Account number (CAN)"
IDENT.Ident22,"","","Alberta - Instalment paid - AT1-2, line 082"
IDENT.Ident30,"","","Saskatchewan - Account number"
IDENT.Ident40,"","","Manitoba - Account number"
IDENT.Ident41,"","","Manitoba - Instalment paid - MCT1"
IDENT.Ident60,"","","Québec - Québec enterprise number (NEQ)"
IDENT.Ident61,"","","Québec - Identification number"
IDENT.Ident110,"VALUE","","If the corporation is a credit union, is it deemed to be a financial institution under subsection 190(1) ITA?"
IDENT.Ident120,"VALUE","","Line 060 - Tax year start date"
IDENT.Ident121,"VALUE","","Line 061 - Tax year-end"
IDENT.Ident122,"VALUE","","Is the tax year a full year with a floating year-end?"
IDENT.Ident126,"VALUE","","Line 063 - Has there been an acquisition of control resulting in the application of subsection 249(4) since the tax year start on line 060?"
IDENT.Ident127,"","","Line 065 - If yes, provide the date control was acquired"
IDENT.Ident128,"","","Date on which the corporation was formed"
IDENT.Ident129,"","","Date of amalgamation"
IDENT.Ident161,"","","Line 040 - Specify other type of corporation for box 5"
IDENT.Ident162,"VALUE","","If the corporation is other than a CCPC, is it eligible for the Small Business Deduction (SBD)?"
IDENT.Ident163,"VALUE","","Is the corporation subject to Part IV tax (other than a private corporation) or a mutual fund corporation deemed to be a private corporation for the purpose of Part IV tax under subsection 131(5) ITA?"
IDENT.Ident164,"VALUE","","Is this an investment corporation as defined under subsection 130(3) ITA?"
IDENT.Ident165,"VALUE","","Is the corporation a credit union?"
IDENT.Ident166,"VALUE","","Did the type of corporation change during the tax year?"
IDENT.Ident167,"","","Line 043 - If the type of corporation changed during the tax year, provide the effective date of the change"
IDENT.Ident170,"VALUE","","Line 067 - Is the corporation a professional corporation that is a member of a partnership?"
IDENT.Ident180,"VALUE","","Line 080 - Is the corporation a resident of Canada?"
IDENT.Ident181,"","","Line 081 - If no at line 080, give the country of residence and complete and attach Schedule 97."
IDENT.Ident183,"VALUE","","Line 010 - Has this address changed since the last time the CRA was notified?"
IDENT.Ident184,"","","Address (line 1) - Head office"
IDENT.Ident185,"","","Address (line 2) - Head office"
IDENT.Ident186,"","","City - Head office"
IDENT.Ident187,"","","Province - Head office"
IDENT.Ident188,"","","Line 017 - Address of head office - Country (other than Canada)"
IDENT.Ident189,"","","Postal Code - Head office"
IDENT.Ident190,"","","Zip Code - Head office"
IDENT.Ident194,"VALUE","","Line 020 - Mailing address (if different from head office  address) - Has this address changed since the last time the CRA was notified?"
IDENT.Ident195,"","","Line 021 - Mailing address - C/O"
IDENT.Ident196,"","","Line 022 - Mailing address - Address - line 1"
IDENT.Ident197,"","","Line 023 - Mailing address - Address - line 2"
IDENT.Ident198,"","","Line 025 - Mailing address - City"
IDENT.Ident199,"","","Line 026 - Mailing address - Province, territory, or state"
IDENT.Ident200,"","","Line 027 - Mailing address - Country (other than Canada)"
IDENT.Ident201,"","","Line 028 - Mailing address - Postal Code"
IDENT.Ident202,"","","Mailing address - Zip Code or Foreign postal code"
IDENT.Ident204,"","","Line 031 - Location of books and records - Address - line 1"
IDENT.Ident205,"","","Line 032 - Location of books and records - Address - line 2"
IDENT.Ident206,"","","Line 035 - Location of books and records - City"
IDENT.Ident207,"","","Line 036 - Location of books and records - Province, territory, or state"
IDENT.Ident208,"","","Line 037 - Location of books and records - Country (other than Canada)"
IDENT.Ident209,"","","Line 038 - Location of books and records - Postal Code"
IDENT.Ident210,"","","Line 038 - Location of books and records - Zip Code or Foreign postal code"
IDENT.Ident212,"","","Line 950 - Authorized signing officer of the corporation - Last name"
IDENT.Ident213,"","","Line 951 - Authorized signing officer of the corporation - First name"
IDENT.Ident214,"","","Line 954 - Authorized signing officer of the corporation - Position, office, or rank"
IDENT.Ident216,"","","Line 959 - Other authorized person if different from authorized signing officer - Telephone number"
IDENT.Ident224,"VALUE","","Line 957 - Is the contact person the same as the authorized signing officer? |`1 Yes|`2 No"
IDENT.Ident228,"","","Additional information - Email address"
IDENT.Ident229,"VALUE","","Is the contact person the preparer?|`Yes|`No"
IDENT.Ident240,"","","Line 070 - Is this the first year of filing after incorporation?"
IDENT.Ident241,"VALUE","","Line 071 - Is this the first year of filing after amalgamation?"
IDENT.Ident242,"VALUE","","Line 072 - Has there been a wind-up of a subsidiary under section 88 during the current tax year?"
IDENT.Ident243,"VALUE","","Line 076 - Is this the final tax year before amalgamation?"
IDENT.Ident244,"VALUE","","Line 078 - Is this the final return up to dissolution?"
IDENT.Ident250,"VALUE","","Line 280 - Is the corporation inactive?"
IDENT.Ident254,"","","Line 284 - Specify the principal products mined, manufactured, sold, constructed, or services provided"
IDENT.Ident255,"","","Line 286 - Specify the principal products mined, manufactured, sold, constructed, or services provided"
IDENT.Ident256,"","","Line 288 - Specify the principal products mined, manufactured, sold, constructed, or services provided"
IDENT.Ident257,"","","Line 285 - Give approximate percentage of the total revenue that product or service at line 284 represents."
IDENT.Ident258,"","","Line 287 - Give approximate percentage of the total revenue that product or service at line 286 represents."
IDENT.Ident259,"","","Line 289 - Give approximate percentage of the total revenue that product or service at line 288 represents."
IDENT.Ident302,"VALUE","","Line 291 - Did the corporation immigrate to Canada during the tax year?|`Yes|`No"
IDENT.Ident303,"VALUE","","Line 292 - Did the corporation emigrate from Canada during the tax year?|`Yes|`No"
IDENT.Ident309,"","","Line 958 - Other authorized person if different from authorized signing officer"
IDENT.Ident310,"","","Line 956 - Authorized signing officer of the corporation - Phone"
IDENT.Ident311,"VALUE","","Corporation's name"
IDENT.Ident315,"","","Jurisdiction incorporated - Province"
IDENT.Ident316,"","","Jurisdiction incorporated - Other (please specify):"
IDENT.Ident317,"","","If the corporation is exempt from tax under section 149, tick one of the following boxes:|`1 - Exempt under paragraph 149(1)(e) or (l)|`2 - Exempt under paragraph 149(1)(j) ||`4 - Exempt under other paragraphs of section 149"
IDENT.Ident318,"VALUE","","Is this a non-resident-owned investment corporation?"
IDENT.Ident319,"VALUE","","Is this a corporation trading in securities?"
IDENT.Ident320,"VALUE","","Is this a financial institution prescribed under the Income Tax Regulations?"
IDENT.Ident321,"VALUE","","Is this a bank?"
IDENT.Ident322,"VALUE","","Is this a loan or trust corporation?"
IDENT.Ident323,"VALUE","","Is this a mutual fund corporation?"
IDENT.Ident324,"VALUE","","Is this a cooperative corporation under subsection 136(2) ITA?"
IDENT.Ident325,"VALUE","","Is this an insurance corporation?"
IDENT.Ident326,"VALUE","","If it is an insurance corporation, does it carry on life insurance business?"
IDENT.Ident327,"VALUE","","Is the corporation a mortgage investment corporation under section 130.1 ITA?"
IDENT.Ident330,"","","Additional information - Fax number"
IDENT.Ident331,"","","Ontario - Corporation Number (MGS)"
IDENT.Ident332,"VALUE","","Do you want to transfer GIFI amounts to the applicable return and schedules?"
IDENT.Ident333,"","","Saskatchewan - Instalment paid - SCT1"
IDENT.Ident336,"VALUE","","Location of books and records - Use address of preparer"
IDENT.Ident338,"VALUE","","Line 030 - Has this address changed since the last time the CRA was notified?"
IDENT.Ident340,"","","Nova Scotia - Account number"
IDENT.Ident342,"","","Prince Edward Island - Account number"
IDENT.Ident343,"","","Prince Edward Island - Instalment paid - PE-Capital tax"
IDENT.Ident344,"","","New Brunswick - Account number"
IDENT.Ident345,"","","New Brunswick - Instalment paid - NB-Capital tax"
IDENT.Ident347,"VALUE","","Is the corporation subject to the reporting requirements of the U.S. Securities and Exchange Commission?"
IDENT.Ident350,"","","Additional information - Cellular or pager number"
IDENT.Ident352,"","","1 - User-defined cells for reporting purposes - Description"
IDENT.Ident353,"","","2 - User-defined cells for reporting purposes - Description"
IDENT.Ident354,"","","3 - User-defined cells for reporting purposes - Description"
IDENT.Ident355,"","","4 - User-defined cells for reporting purposes - Description"
IDENT.Ident356,"","","5 - User-defined cells for reporting purposes - Description"
IDENT.Ident357,"","","6 - User-defined cells for reporting purposes - Description"
IDENT.Ident358,"","","7 - User-defined cells for reporting purposes - Description"
IDENT.Ident359,"","","8 - User-defined cells for reporting purposes - Description"
IDENT.Ident360,"","","9 - User-defined cells for reporting purposes - Description"
IDENT.Ident361,"","","10 - User-defined cells for reporting purposes - Description"
IDENT.Ident362,"","","1 - User-defined cells for reporting purposes - Amount"
IDENT.Ident363,"","","2 - User-defined cells for reporting purposes - Amount"
IDENT.Ident364,"","","3 - User-defined cells for reporting purposes - Amount"
IDENT.Ident365,"","","4 - User-defined cells for reporting purposes - Amount"
IDENT.Ident366,"","","5 - User-defined cells for reporting purposes - Amount"
IDENT.Ident367,"","","6 - User-defined cells for reporting purposes - Amount"
IDENT.Ident368,"","","7 - User-defined cells for reporting purposes - Amount"
IDENT.Ident369,"","","8 - User-defined cells for reporting purposes - Amount"
IDENT.Ident370,"","","9 - User-defined cells for reporting purposes - Amount"
IDENT.Ident371,"","","10 - User-defined cells for reporting purposes - Amount"
IDENT.Ident372,"","","1 - User-defined cells for reporting purposes - Date"
IDENT.Ident373,"","","2 - User-defined cells for reporting purposes - Date"
IDENT.Ident374,"","","3 - User-defined cells for reporting purposes - Date"
IDENT.Ident375,"","","4 - User-defined cells for reporting purposes - Date"
IDENT.Ident376,"","","5 - User-defined cells for reporting purposes - Date"
IDENT.Ident377,"","","6 - User-defined cells for reporting purposes - Date"
IDENT.Ident378,"","","7 - User-defined cells for reporting purposes - Date"
IDENT.Ident379,"","","8 - User-defined cells for reporting purposes - Date"
IDENT.Ident380,"","","9 - User-defined cells for reporting purposes - Date"
IDENT.Ident381,"","","10 - User-defined cells for reporting purposes - Date"
IDENT.Ident387,"VALUE","","Has the corporation made an election under subsection 89(11) not to be a CCPC in the current year?"
IDENT.Ident388,"VALUE","","Is this a deposit insurance corporation as defined in subsection 137.1(5) ITA?"
IDENT.Ident389,"","","Authorized signing officer of the corporation - Title - Other"
IDENT.Ident339,"VALUE","","Authorized signing officer of the corporation - Title"
IDENT.Ident390,"","","Has the corporation made an election under subsection 89(11) not to be a CCPC in a prior year and this election has not been revoked?"
IDENT.Ident391,"","","Was the corporation a deposit insurance corporation in the preceding year?"
IDENT.Ident230,"VALUE","","Line 990 - Indicate your language of correspondence of your choice.|`English|`Français"
IDENT.Ident393,"VALUE","","Was the corporation associated with another corporation for purposes of the allocation of the business limit in the preceding year (subsection 125(3) ITA)?"
IDENT.Ident525,"VALUE","","Is the corporation making an application under the Alberta Tax and Revenue Administration's Voluntary Disclosures Program for this tax return?"
IDENT.Ident160,"","","Line 040 - Type of corporation at the end of the tax year|`1 - CCPC|`2 - Other private corporation|`3 - Public corporation|`4 - Corporation controlled by a public corporation|`5 - Other corporation (specify)"
IDENT.Ident394,"VALUE","","Line 066 - Is the date on line 061 a deemed tax year-end according to subsection 249(3.1)?"
IDENT.Ident395,"VALUE","","Has the corporation revoked any previous election made under subsection 89(11) in the current year?"
IDENT.Ident396,"VALUE","","If yes, is it a cooperative corporation that is a CCPC for the purpose of the general tax reduction and the small business deduction under subsection 136(1) ITA?"
IDENT.Ident397,"VALUE","","If yes, do you want the aggregate investment income (line 440 of Schedule 200) to be deducted from the calculation of the general tax reduction for CCPCs?"
IDENT.Ident398,"VALUE","","Is this an oil refining corporation (section 771.1 TA)?"
IDENT.Ident401,"","","Has the corporation revoked any previous election made under subsection 89(11) in the previous year?"
IDENT.Ident403,"","","Line 294 - If the corporation was eligible to remit instalments on a quarterly basis for part of the tax year, provide the date the corporation ceased to be eligible"
IDENT.Ident404,"","","Line 295 - If the corporation's major business activity is construction, did you have any subcontractors during the tax year?|`Yes|`No"
IDENT.Ident405,"VALUE","","If the taxation year exceeds 365 days and no taxation year ends in the preceding calendar year, is the taxation year deemed under subsection 249(3) ITA to end the last day of the preceding calendar year?"
IDENT.Ident407,"VALUE","","Is the corporation making an application under the CRA Voluntary Disclosures Program for this tax return (Form RC199)?"
IDENT.Ident408,"","","Was an amount deducted under section 125 ITA in computing the corporation's tax payable for its preceding taxation year?"
IDENT.Ident409,"","","British Columbia - Instalment paid - FIN 542, line 840"
IDENT.Ident414,"","","Québec - Instalment paid - COZ-1179, line 81"
IDENT.Ident415,"","","Is the corporation a registered charity under paragraph 149(1)f) ITA?"
IDENT.Ident416,"","","Enter the relevant spot rate for the first day of the particular taxation year"
IDENT.Ident417,"VALUE","","Line 270 - Did the corporation use the International Financial Reporting Standards (IFRS) when it prepared its financial statements?"
IDENT.Ident418,"","","Was the corporation a cooperative that is a CCPC for the purpose of the general tax reduction and the small business deduction under subsection 136(1) ITA in the preceding taxation year?"
IDENT.Ident420,"VALUE","","Is this a request for an adjustment to a previously filed federal income tax return?"
IDENT.Ident422,"","","What is the corporation's main revenue-generating business activity?"
IDENT.Ident423,"VALUE","","Is this an amended Alberta tax return?"
IDENT.Ident425,"VALUE","","Is this an amended Québec tax return?"
IDENT.Ident426,"VALUE","","Is the corporation making an application under the Revenu Québec Voluntary Disclosure Program for this tax return (Form LM-15-V)?"
IDENT.Ident429,"","","Date of amalgamation"
IDENT.Ident430,"","","Date of dissolution"
IDENT.Ident431,"VALUE","","Was this return prepared by a tax preparer for a fee? (T2 line 920 and AT1 line 095)"
IDENT.Ident442,"","","Does the corporation carry on logging operations, or is it a member of one or more partnerships that carry on logging operations?"
IDENT.Ident443,"","","Extension"
IDENT.Ident455,"","","Specific information for the integration to CCH iFirm - Number"
IDENT.Ident457,"","","Specific information for the integration to CCH iFirm - Apt. or suite"
IDENT.Ident458,"","","Specific information for the integration to CCH iFirm - PO Box"
IDENT.Ident459,"","","Specific information for the integration to CCH iFirm - RR"
IDENT.Ident460,"","","Specific information for the integration to CCH iFirm - Number"
IDENT.Ident462,"","","Specific information for the integration to CCH iFirm - Apt. or suite"
IDENT.Ident463,"","","Specific information for the integration to CCH iFirm - PO Box"
IDENT.Ident464,"","","Specific information for the integration to CCH iFirm - RR"
IDENT.Ident385,"","","1 - User-defined cells for reporting purposes - Instruction"
IDENT.Ident386,"","","2 - User-defined cells for reporting purposes - Instruction"
IDENT.Ident478,"","","3 - User-defined cells for reporting purposes - Instruction"
IDENT.Ident479,"","","4 - User-defined cells for reporting purposes - Instruction"
IDENT.Ident480,"","","5 - User-defined cells for reporting purposes - Instruction"
IDENT.Ident481,"","","6 - User-defined cells for reporting purposes - Instruction"
IDENT.Ident482,"","","7 - User-defined cells for reporting purposes - Instruction"
IDENT.Ident483,"","","8 - User-defined cells for reporting purposes - Instruction"
IDENT.Ident484,"","","9 - User-defined cells for reporting purposes - Instruction"
IDENT.Ident485,"","","10 - User-defined cells for reporting purposes - Instruction"
IDENT.Ident486,"","",""
IDENT.Ident487,"","",""
IDENT.Ident488,"","",""
IDENT.Ident489,"","",""
IDENT.Ident490,"","",""
IDENT.Ident492,"VALUE","",""
IDENT.Ident493,"VALUE","",""
IDENT.Ident519,"VALUE","","Does the corporation make distributions that could be subject to the tax on split income (120.4 ITA)?"
IDENT.Ident520,"","","Line 065 - Time control was acquired"
IDENT.Ident526,"VALUE","","Do you want to display the provincial jurisdictions table?"
IDENT.Ident534,"VALUE","","Line 290 - Did the corporation meet, at any time during the taxation year, the definition of substantive CCPC under subsection 248(1) ITA?"
LETC.TtwletC102,"VALUE","","Does the corporation qualify for the one-month extension of the balance-due day under section 38 of the Alberta Corporate Tax Act?"
IFirm.AutoSync,"VALUE","",""
