Sandbox Company CA 7cf6,,
Trial Balance,,
"As of Oct 1, 2026",,

Account Name,Debit,Credit
Chequing,"21,095.57",
Accounts Receivable,"18,402.04",
Inventory Asset,"7,781.91",
Accumulated Depreciation,,366.63
Furniture and Equipment,"2,750.00",
Accounts Payable,,734.51
Accounts Payable (A/P) - HKD,,0.00
Visa Credit Card,,"2,077.60"
GST/HST Payable,23.23,
GST/HST Suspense,,340.69
Note Payable,,"20,101.86"
Opening Balance Equity,,0.00
Owner's Equity - Contributions,,"12,750.00"
Owner's Equity - Draws,"2,000.00",
Retained Earnings,,"10,741.39"
Billable Expenses Income,,"27,622.75"
Markup,,"2,409.55"
Sales,,"8,500.00"
Sales of Product Income,,"19,050.00"
Services,,"3,600.00"
Cost of Goods Sold,"9,664.68",
Cost of Sales - billable expenses,"28,864.99",
Inventory Shrinkage,,
Dues and Subscriptions,325.00,
Insurance Expense-General Liability Insurance,"2,250.00",
Interest expense,855.00,
Janitorial Expense,405.18,
Rent Expense,"11,250.00",
Utilities - Electric & Gas,"1,778.96",
Utilities - Water,563.42,
Depreciation Expense,266.64,
Exchange Gain or Loss,18.36,
TOTAL,"$108,294.98","$108,294.98"



"Accrual Basis Thursday, October 01, 2026 06:45 PM GMTZ",,
