[Halton Haulage Ltd. (Test)|TEST-02|EN]
S100.1002,53900.86
S100.1301,2782.00
S100.1483,14000.00
S100.1742,118000.00
S100.1743,12244.52
S100.2680,265.46
S100.2707,15825.75
S100.3140,87561.90
S100.3500,100.00
S100.3600,12363.96
S125.8000,312274.80
S125.8670,12244.52
S125.8690,15180.00
S125.8714,6026.75
S125.8715,263.40
S125.8760,2412.00
S125.8862,2400.00
S125.8962,48087.02
S125.9130,22263.04
S125.9150,945.12
S125.9225,1190.74
S125.9270,412.37
S125.9281,140528.57
S1.NETINCOME,60321.27
S1.ADD[1].DESC,Book amortization
S1.ADD[1].AMT,12244.52
S1.ADD[2].DESC,HST late-filing penalty and interest
S1.ADD[2].AMT,412.37
S8[1].CLASS,16
S8[1].ADDITIONS,118000.00
S50[1].NAME,Marco Bellini (Test)
S50[1].SIN,387676949
S50[1].COMMONPCT,100.00
