[Riverdale Rentals Inc. (Test)|0|0|00000000-0000-0000-0000-000000000000],"Current Year","Last Year",""
GFGBA.Ttwgba64,"7693","",""
GFGBA.Ttwgba72,"975","",""
GFGBA.Ttwgba127,"1620","",""
GFBGII[1].GFGIJ.Ttwgij104,"48600","",""
GFBGII[1].GFGIL.Ttwgil137,"22670","",""
GFBGII[1].GFGIL.Ttwgil138,"2160","",""
GFBGII[1].GFGIL.Ttwgil144,"19214","",""
GFBGII[1].GFGIL.Ttwgil146,"155","",""
GFBGII[1].GFGIL.Ttwgil169,"1140","",""
GFBGII[1].GFGIL.Ttwgil196,"7662","",""
GFBGII[1].GFGIL.Ttwgil197,"640","",""
GFBGII[1].GFGIL.Ttwgil228,"8900","",""
GFBGII[1].GFGIL.Ttwgil232,"1992","",""
